config_id,window_hours,coverage_min,valid_samples_min,tail_ratio,quantile,robust_k,insufficient_evidence,threshold_unresolved,needs_context_review,candidate_for_stakeholder_review,proportion_insufficient_evidence,proportion_threshold_unresolved,proportion_needs_context_review,proportion_candidate_for_stakeholder_review,migration_count,migration_rate,stakeholder_review_jaccard,non_numeric_disposition_count,non_numeric_disposition_rate
W12_C0.4_Rt8_q0.9_k2.5,12,0.4,288,8.0,0.9,2.5,464,2953,781,4470,0.0535302261190586,0.3406783571758191,0.0901015228426396,0.5156898938624827,1214,0.14005537609598523,0.8,4198,0.48431010613751735
W12_C0.4_Rt8_q0.9_k3,12,0.4,288,8.0,0.9,3.0,464,2953,781,4470,0.0535302261190586,0.3406783571758191,0.0901015228426396,0.5156898938624827,1214,0.14005537609598523,0.8,4198,0.48431010613751735
W12_C0.4_Rt8_q0.9_k3.5,12,0.4,288,8.0,0.9,3.5,464,2953,781,4470,0.0535302261190586,0.3406783571758191,0.0901015228426396,0.5156898938624827,1214,0.14005537609598523,0.8,4198,0.48431010613751735
W12_C0.4_Rt8_q0.95_k2.5,12,0.4,288,8.0,0.95,2.5,464,2622,1121,4461,0.0535302261190586,0.30249192431933547,0.12932625749884633,0.5146515920627596,961,0.11086755883710199,0.8524904214559387,4207,0.48534840793724043
W12_C0.4_Rt8_q0.95_k3,12,0.4,288,8.0,0.95,3.0,464,2622,1121,4461,0.0535302261190586,0.30249192431933547,0.12932625749884633,0.5146515920627596,961,0.11086755883710199,0.8524904214559387,4207,0.48534840793724043
W12_C0.4_Rt8_q0.95_k3.5,12,0.4,288,8.0,0.95,3.5,464,2622,1121,4461,0.0535302261190586,0.30249192431933547,0.12932625749884633,0.5146515920627596,961,0.11086755883710199,0.8524904214559387,4207,0.48534840793724043
W12_C0.4_Rt8_q0.99_k2.5,12,0.4,288,8.0,0.99,2.5,464,1827,1943,4434,0.0535302261190586,0.21077526534379326,0.22415782187355793,0.5115366866635902,2147,0.24769266266728196,0.6459874786568014,4234,0.4884633133364098
W12_C0.4_Rt8_q0.99_k3,12,0.4,288,8.0,0.99,3.0,464,1827,1943,4434,0.0535302261190586,0.21077526534379326,0.22415782187355793,0.5115366866635902,2147,0.24769266266728196,0.6459874786568014,4234,0.4884633133364098
W12_C0.4_Rt8_q0.99_k3.5,12,0.4,288,8.0,0.99,3.5,464,1827,1943,4434,0.0535302261190586,0.21077526534379326,0.22415782187355793,0.5115366866635902,2147,0.24769266266728196,0.6459874786568014,4234,0.4884633133364098
W12_C0.4_Rt9.5_q0.9_k2.5,12,0.4,288,9.5,0.9,2.5,464,2953,707,4544,0.0535302261190586,0.3406783571758191,0.08156437471158283,0.5242270419935394,1260,0.14536225196123673,0.7923296613627091,4124,0.4757729580064606
W12_C0.4_Rt9.5_q0.9_k3,12,0.4,288,9.5,0.9,3.0,464,2953,707,4544,0.0535302261190586,0.3406783571758191,0.08156437471158283,0.5242270419935394,1260,0.14536225196123673,0.7923296613627091,4124,0.4757729580064606
W12_C0.4_Rt9.5_q0.9_k3.5,12,0.4,288,9.5,0.9,3.5,464,2953,707,4544,0.0535302261190586,0.3406783571758191,0.08156437471158283,0.5242270419935394,1260,0.14536225196123673,0.7923296613627091,4124,0.4757729580064606
W12_C0.4_Rt9.5_q0.95_k2.5,12,0.4,288,9.5,0.95,2.5,464,2622,1055,4527,0.0535302261190586,0.30249192431933547,0.12171204430087679,0.5222658052607291,944,0.10890632210429164,0.8550877935265496,4141,0.4777341947392709
W12_C0.4_Rt9.5_q0.95_k3,12,0.4,288,9.5,0.95,3.0,464,2622,1055,4527,0.0535302261190586,0.30249192431933547,0.12171204430087679,0.5222658052607291,944,0.10890632210429164,0.8550877935265496,4141,0.4777341947392709
W12_C0.4_Rt9.5_q0.95_k3.5,12,0.4,288,9.5,0.95,3.5,464,2622,1055,4527,0.0535302261190586,0.30249192431933547,0.12171204430087679,0.5222658052607291,944,0.10890632210429164,0.8550877935265496,4141,0.4777341947392709
W12_C0.4_Rt9.5_q0.99_k2.5,12,0.4,288,9.5,0.99,2.5,464,1827,1704,4673,0.0535302261190586,0.21077526534379326,0.1965851407475773,0.5391093677895709,1929,0.22254268574065528,0.6862114620767922,3995,0.46089063221042914
W12_C0.4_Rt9.5_q0.99_k3,12,0.4,288,9.5,0.99,3.0,464,1827,1704,4673,0.0535302261190586,0.21077526534379326,0.1965851407475773,0.5391093677895709,1929,0.22254268574065528,0.6862114620767922,3995,0.46089063221042914
W12_C0.4_Rt9.5_q0.99_k3.5,12,0.4,288,9.5,0.99,3.5,464,1827,1704,4673,0.0535302261190586,0.21077526534379326,0.1965851407475773,0.5391093677895709,1929,0.22254268574065528,0.6862114620767922,3995,0.46089063221042914
W12_C0.4_Rt10_q0.9_k2.5,12,0.4,288,10.0,0.9,2.5,464,2953,681,4570,0.0535302261190586,0.3406783571758191,0.07856483617904937,0.527226580526073,1275,0.14709275496077526,0.7899654682104408,4098,0.47277341947392704
W12_C0.4_Rt10_q0.9_k3,12,0.4,288,10.0,0.9,3.0,464,2953,681,4570,0.0535302261190586,0.3406783571758191,0.07856483617904937,0.527226580526073,1275,0.14709275496077526,0.7899654682104408,4098,0.47277341947392704
W12_C0.4_Rt10_q0.9_k3.5,12,0.4,288,10.0,0.9,3.5,464,2953,681,4570,0.0535302261190586,0.3406783571758191,0.07856483617904937,0.527226580526073,1275,0.14709275496077526,0.7899654682104408,4098,0.47277341947392704
W12_C0.4_Rt10_q0.95_k2.5,12,0.4,288,10.0,0.95,2.5,464,2622,1031,4551,0.0535302261190586,0.30249192431933547,0.11894323950161513,0.5250346100599907,944,0.10890632210429164,0.8550632911392405,4117,0.47496538994000925
W12_C0.4_Rt10_q0.95_k3,12,0.4,288,10.0,0.95,3.0,464,2622,1031,4551,0.0535302261190586,0.30249192431933547,0.11894323950161513,0.5250346100599907,944,0.10890632210429164,0.8550632911392405,4117,0.47496538994000925
W12_C0.4_Rt10_q0.95_k3.5,12,0.4,288,10.0,0.95,3.5,464,2622,1031,4551,0.0535302261190586,0.30249192431933547,0.11894323950161513,0.5250346100599907,944,0.10890632210429164,0.8550632911392405,4117,0.47496538994000925
W12_C0.4_Rt10_q0.99_k2.5,12,0.4,288,10.0,0.99,2.5,464,1827,1659,4718,0.0535302261190586,0.21077526534379326,0.1913936317489617,0.5443008767881864,1892,0.2182741116751269,0.6931216931216931,3950,0.4556991232118136
W12_C0.4_Rt10_q0.99_k3,12,0.4,288,10.0,0.99,3.0,464,1827,1659,4718,0.0535302261190586,0.21077526534379326,0.1913936317489617,0.5443008767881864,1892,0.2182741116751269,0.6931216931216931,3950,0.4556991232118136
W12_C0.4_Rt10_q0.99_k3.5,12,0.4,288,10.0,0.99,3.5,464,1827,1659,4718,0.0535302261190586,0.21077526534379326,0.1913936317489617,0.5443008767881864,1892,0.2182741116751269,0.6931216931216931,3950,0.4556991232118136
W12_C0.4_Rt10.5_q0.9_k2.5,12,0.4,288,10.5,0.9,2.5,464,2953,651,4600,0.0535302261190586,0.3406783571758191,0.07510383017997231,0.53068758652515,1294,0.14928472542685742,0.7869846402586904,4068,0.46931241347485
W12_C0.4_Rt10.5_q0.9_k3,12,0.4,288,10.5,0.9,3.0,464,2953,651,4600,0.0535302261190586,0.3406783571758191,0.07510383017997231,0.53068758652515,1294,0.14928472542685742,0.7869846402586904,4068,0.46931241347485
W12_C0.4_Rt10.5_q0.9_k3.5,12,0.4,288,10.5,0.9,3.5,464,2953,651,4600,0.0535302261190586,0.3406783571758191,0.07510383017997231,0.53068758652515,1294,0.14928472542685742,0.7869846402586904,4068,0.46931241347485
W12_C0.4_Rt10.5_q0.95_k2.5,12,0.4,288,10.5,0.95,2.5,464,2622,1008,4574,0.0535302261190586,0.30249192431933547,0.11628980156898938,0.5276880479926165,952,0.10982925703737886,0.8536585365853658,4094,0.4723119520073835
W12_C0.4_Rt10.5_q0.95_k3,12,0.4,288,10.5,0.95,3.0,464,2622,1008,4574,0.0535302261190586,0.30249192431933547,0.11628980156898938,0.5276880479926165,952,0.10982925703737886,0.8536585365853658,4094,0.4723119520073835
W12_C0.4_Rt10.5_q0.95_k3.5,12,0.4,288,10.5,0.95,3.5,464,2622,1008,4574,0.0535302261190586,0.30249192431933547,0.11628980156898938,0.5276880479926165,952,0.10982925703737886,0.8536585365853658,4094,0.4723119520073835
W12_C0.4_Rt10.5_q0.99_k2.5,12,0.4,288,10.5,0.99,2.5,464,1827,1630,4747,0.0535302261190586,0.21077526534379326,0.18804799261652053,0.5476465159206276,1869,0.21562067374250116,0.6966779916949792,3921,0.45235348407937237
W12_C0.4_Rt10.5_q0.99_k3,12,0.4,288,10.5,0.99,3.0,464,1827,1630,4747,0.0535302261190586,0.21077526534379326,0.18804799261652053,0.5476465159206276,1869,0.21562067374250116,0.6966779916949792,3921,0.45235348407937237
W12_C0.4_Rt10.5_q0.99_k3.5,12,0.4,288,10.5,0.99,3.5,464,1827,1630,4747,0.0535302261190586,0.21077526534379326,0.18804799261652053,0.5476465159206276,1869,0.21562067374250116,0.6966779916949792,3921,0.45235348407937237
W12_C0.4_Rt12_q0.9_k2.5,12,0.4,288,12.0,0.9,2.5,464,2953,575,4676,0.0535302261190586,0.3406783571758191,0.06633594831564375,0.5394554683894786,1357,0.15655283802491923,0.7772020725388601,3992,0.46054453161052145
W12_C0.4_Rt12_q0.9_k3,12,0.4,288,12.0,0.9,3.0,464,2953,575,4676,0.0535302261190586,0.3406783571758191,0.06633594831564375,0.5394554683894786,1357,0.15655283802491923,0.7772020725388601,3992,0.46054453161052145
W12_C0.4_Rt12_q0.9_k3.5,12,0.4,288,12.0,0.9,3.5,464,2953,575,4676,0.0535302261190586,0.3406783571758191,0.06633594831564375,0.5394554683894786,1357,0.15655283802491923,0.7772020725388601,3992,0.46054453161052145
W12_C0.4_Rt12_q0.95_k2.5,12,0.4,288,12.0,0.95,2.5,464,2622,950,4632,0.0535302261190586,0.30249192431933547,0.10959852330410706,0.5343793262574988,976,0.11259806183664052,0.8483649239741721,4036,0.46562067374250116
W12_C0.4_Rt12_q0.95_k3,12,0.4,288,12.0,0.95,3.0,464,2622,950,4632,0.0535302261190586,0.30249192431933547,0.10959852330410706,0.5343793262574988,976,0.11259806183664052,0.8483649239741721,4036,0.46562067374250116
W12_C0.4_Rt12_q0.95_k3.5,12,0.4,288,12.0,0.95,3.5,464,2622,950,4632,0.0535302261190586,0.30249192431933547,0.10959852330410706,0.5343793262574988,976,0.11259806183664052,0.8483649239741721,4036,0.46562067374250116
W12_C0.4_Rt12_q0.99_k2.5,12,0.4,288,12.0,0.99,2.5,464,1827,1553,4824,0.0535302261190586,0.21077526534379326,0.17916474388555606,0.5565297646515921,1817,0.20962159667743424,0.7057384760112888,3844,0.4434702353484079
W12_C0.4_Rt12_q0.99_k3,12,0.4,288,12.0,0.99,3.0,464,1827,1553,4824,0.0535302261190586,0.21077526534379326,0.17916474388555606,0.5565297646515921,1817,0.20962159667743424,0.7057384760112888,3844,0.4434702353484079
W12_C0.4_Rt12_q0.99_k3.5,12,0.4,288,12.0,0.99,3.5,464,1827,1553,4824,0.0535302261190586,0.21077526534379326,0.17916474388555606,0.5565297646515921,1817,0.20962159667743424,0.7057384760112888,3844,0.4434702353484079
W12_C0.5_Rt8_q0.9_k2.5,12,0.5,360,8.0,0.9,2.5,568,2920,773,4407,0.06552838024919243,0.3368712505768343,0.08917858790955238,0.5084217812644208,1110,0.1280572219658514,0.8105505547414695,4261,0.49157821873557916
W12_C0.5_Rt8_q0.9_k3,12,0.5,360,8.0,0.9,3.0,568,2920,773,4407,0.06552838024919243,0.3368712505768343,0.08917858790955238,0.5084217812644208,1110,0.1280572219658514,0.8105505547414695,4261,0.49157821873557916
W12_C0.5_Rt8_q0.9_k3.5,12,0.5,360,8.0,0.9,3.5,568,2920,773,4407,0.06552838024919243,0.3368712505768343,0.08917858790955238,0.5084217812644208,1110,0.1280572219658514,0.8105505547414695,4261,0.49157821873557916
W12_C0.5_Rt8_q0.95_k2.5,12,0.5,360,8.0,0.95,2.5,568,2591,1105,4404,0.06552838024919243,0.29891555145362253,0.1274803876326719,0.5080756806645131,857,0.09886940470696816,0.8629605688429218,4264,0.49192431933548686
W12_C0.5_Rt8_q0.95_k3,12,0.5,360,8.0,0.95,3.0,568,2591,1105,4404,0.06552838024919243,0.29891555145362253,0.1274803876326719,0.5080756806645131,857,0.09886940470696816,0.8629605688429218,4264,0.49192431933548686
W12_C0.5_Rt8_q0.95_k3.5,12,0.5,360,8.0,0.95,3.5,568,2591,1105,4404,0.06552838024919243,0.29891555145362253,0.1274803876326719,0.5080756806645131,857,0.09886940470696816,0.8629605688429218,4264,0.49192431933548686
W12_C0.5_Rt8_q0.99_k2.5,12,0.5,360,8.0,0.99,2.5,568,1804,1914,4382,0.06552838024919243,0.20812182741116753,0.22081218274111675,0.5055376095985233,2043,0.23569450853714813,0.652423835983905,4286,0.49446239040147666
W12_C0.5_Rt8_q0.99_k3,12,0.5,360,8.0,0.99,3.0,568,1804,1914,4382,0.06552838024919243,0.20812182741116753,0.22081218274111675,0.5055376095985233,2043,0.23569450853714813,0.652423835983905,4286,0.49446239040147666
W12_C0.5_Rt8_q0.99_k3.5,12,0.5,360,8.0,0.99,3.5,568,1804,1914,4382,0.06552838024919243,0.20812182741116753,0.22081218274111675,0.5055376095985233,2043,0.23569450853714813,0.652423835983905,4286,0.49446239040147666
W12_C0.5_Rt9.5_q0.9_k2.5,12,0.5,360,9.5,0.9,2.5,568,2920,700,4480,0.06552838024919243,0.3368712505768343,0.08075680664513152,0.5168435625288417,1156,0.1333640978311029,0.8028110789582472,4188,0.48315643747115833
W12_C0.5_Rt9.5_q0.9_k3,12,0.5,360,9.5,0.9,3.0,568,2920,700,4480,0.06552838024919243,0.3368712505768343,0.08075680664513152,0.5168435625288417,1156,0.1333640978311029,0.8028110789582472,4188,0.48315643747115833
W12_C0.5_Rt9.5_q0.9_k3.5,12,0.5,360,9.5,0.9,3.5,568,2920,700,4480,0.06552838024919243,0.3368712505768343,0.08075680664513152,0.5168435625288417,1156,0.1333640978311029,0.8028110789582472,4188,0.48315643747115833
W12_C0.5_Rt9.5_q0.95_k2.5,12,0.5,360,9.5,0.95,2.5,568,2591,1041,4468,0.06552838024919243,0.29891555145362253,0.12009690816797416,0.5154591601292109,840,0.09690816797415783,0.8658954584404456,4200,0.4845408398707891
W12_C0.5_Rt9.5_q0.95_k3,12,0.5,360,9.5,0.95,3.0,568,2591,1041,4468,0.06552838024919243,0.29891555145362253,0.12009690816797416,0.5154591601292109,840,0.09690816797415783,0.8658954584404456,4200,0.4845408398707891
W12_C0.5_Rt9.5_q0.95_k3.5,12,0.5,360,9.5,0.95,3.5,568,2591,1041,4468,0.06552838024919243,0.29891555145362253,0.12009690816797416,0.5154591601292109,840,0.09690816797415783,0.8658954584404456,4200,0.4845408398707891
W12_C0.5_Rt9.5_q0.99_k2.5,12,0.5,360,9.5,0.99,2.5,568,1804,1676,4620,0.06552838024919243,0.20812182741116753,0.19335486848177202,0.5329949238578681,1825,0.21054453161052145,0.6931601069927398,4048,0.46700507614213194
W12_C0.5_Rt9.5_q0.99_k3,12,0.5,360,9.5,0.99,3.0,568,1804,1676,4620,0.06552838024919243,0.20812182741116753,0.19335486848177202,0.5329949238578681,1825,0.21054453161052145,0.6931601069927398,4048,0.46700507614213194
W12_C0.5_Rt9.5_q0.99_k3.5,12,0.5,360,9.5,0.99,3.5,568,1804,1676,4620,0.06552838024919243,0.20812182741116753,0.19335486848177202,0.5329949238578681,1825,0.21054453161052145,0.6931601069927398,4048,0.46700507614213194
W12_C0.5_Rt10_q0.9_k2.5,12,0.5,360,10.0,0.9,2.5,568,2920,674,4506,0.06552838024919243,0.3368712505768343,0.07775726811259806,0.5198431010613752,1171,0.13509460083064145,0.8003704465939494,4162,0.4801568989386248
W12_C0.5_Rt10_q0.9_k3,12,0.5,360,10.0,0.9,3.0,568,2920,674,4506,0.06552838024919243,0.3368712505768343,0.07775726811259806,0.5198431010613752,1171,0.13509460083064145,0.8003704465939494,4162,0.4801568989386248
W12_C0.5_Rt10_q0.9_k3.5,12,0.5,360,10.0,0.9,3.5,568,2920,674,4506,0.06552838024919243,0.3368712505768343,0.07775726811259806,0.5198431010613752,1171,0.13509460083064145,0.8003704465939494,4162,0.4801568989386248
W12_C0.5_Rt10_q0.95_k2.5,12,0.5,360,10.0,0.95,2.5,568,2591,1017,4492,0.06552838024919243,0.29891555145362253,0.11732810336871251,0.5182279649284726,840,0.09690816797415783,0.8658406323435164,4176,0.48177203507152744
W12_C0.5_Rt10_q0.95_k3,12,0.5,360,10.0,0.95,3.0,568,2591,1017,4492,0.06552838024919243,0.29891555145362253,0.11732810336871251,0.5182279649284726,840,0.09690816797415783,0.8658406323435164,4176,0.48177203507152744
W12_C0.5_Rt10_q0.95_k3.5,12,0.5,360,10.0,0.95,3.5,568,2591,1017,4492,0.06552838024919243,0.29891555145362253,0.11732810336871251,0.5182279649284726,840,0.09690816797415783,0.8658406323435164,4176,0.48177203507152744
W12_C0.5_Rt10_q0.99_k2.5,12,0.5,360,10.0,0.99,2.5,568,1804,1631,4665,0.06552838024919243,0.20812182741116753,0.18816335948315643,0.5381864328564836,1788,0.2062759575449931,0.700133613284978,4003,0.4618135671435164
W12_C0.5_Rt10_q0.99_k3,12,0.5,360,10.0,0.99,3.0,568,1804,1631,4665,0.06552838024919243,0.20812182741116753,0.18816335948315643,0.5381864328564836,1788,0.2062759575449931,0.700133613284978,4003,0.4618135671435164
W12_C0.5_Rt10_q0.99_k3.5,12,0.5,360,10.0,0.99,3.5,568,1804,1631,4665,0.06552838024919243,0.20812182741116753,0.18816335948315643,0.5381864328564836,1788,0.2062759575449931,0.700133613284978,4003,0.4618135671435164
W12_C0.5_Rt10.5_q0.9_k2.5,12,0.5,360,10.5,0.9,2.5,568,2920,644,4536,0.06552838024919243,0.3368712505768343,0.074296262113521,0.5233041070604523,1190,0.1372865712967236,0.7972972972972973,4132,0.4766958929395477
W12_C0.5_Rt10.5_q0.9_k3,12,0.5,360,10.5,0.9,3.0,568,2920,644,4536,0.06552838024919243,0.3368712505768343,0.074296262113521,0.5233041070604523,1190,0.1372865712967236,0.7972972972972973,4132,0.4766958929395477
W12_C0.5_Rt10.5_q0.9_k3.5,12,0.5,360,10.5,0.9,3.5,568,2920,644,4536,0.06552838024919243,0.3368712505768343,0.074296262113521,0.5233041070604523,1190,0.1372865712967236,0.7972972972972973,4132,0.4766958929395477
W12_C0.5_Rt10.5_q0.95_k2.5,12,0.5,360,10.5,0.95,2.5,568,2591,994,4515,0.06552838024919243,0.29891555145362253,0.11467466543608676,0.5208814028610983,848,0.09783110290724505,0.8643815201192251,4153,0.4791185971389017
W12_C0.5_Rt10.5_q0.95_k3,12,0.5,360,10.5,0.95,3.0,568,2591,994,4515,0.06552838024919243,0.29891555145362253,0.11467466543608676,0.5208814028610983,848,0.09783110290724505,0.8643815201192251,4153,0.4791185971389017
W12_C0.5_Rt10.5_q0.95_k3.5,12,0.5,360,10.5,0.95,3.5,568,2591,994,4515,0.06552838024919243,0.29891555145362253,0.11467466543608676,0.5208814028610983,848,0.09783110290724505,0.8643815201192251,4153,0.4791185971389017
W12_C0.5_Rt10.5_q0.99_k2.5,12,0.5,360,10.5,0.99,2.5,568,1804,1603,4693,0.06552838024919243,0.20812182741116753,0.1849330872173512,0.5414167051222889,1765,0.20362251961236733,0.7038520213577422,3975,0.4585832948777111
W12_C0.5_Rt10.5_q0.99_k3,12,0.5,360,10.5,0.99,3.0,568,1804,1603,4693,0.06552838024919243,0.20812182741116753,0.1849330872173512,0.5414167051222889,1765,0.20362251961236733,0.7038520213577422,3975,0.4585832948777111
W12_C0.5_Rt10.5_q0.99_k3.5,12,0.5,360,10.5,0.99,3.5,568,1804,1603,4693,0.06552838024919243,0.20812182741116753,0.1849330872173512,0.5414167051222889,1765,0.20362251961236733,0.7038520213577422,3975,0.4585832948777111
W12_C0.5_Rt12_q0.9_k2.5,12,0.5,360,12.0,0.9,2.5,568,2920,568,4612,0.06552838024919243,0.3368712505768343,0.06552838024919243,0.5320719889247808,1253,0.14455468389478543,0.7872426322163908,4056,0.4679280110752192
W12_C0.5_Rt12_q0.9_k3,12,0.5,360,12.0,0.9,3.0,568,2920,568,4612,0.06552838024919243,0.3368712505768343,0.06552838024919243,0.5320719889247808,1253,0.14455468389478543,0.7872426322163908,4056,0.4679280110752192
W12_C0.5_Rt12_q0.9_k3.5,12,0.5,360,12.0,0.9,3.5,568,2920,568,4612,0.06552838024919243,0.3368712505768343,0.06552838024919243,0.5320719889247808,1253,0.14455468389478543,0.7872426322163908,4056,0.4679280110752192
W12_C0.5_Rt12_q0.95_k2.5,12,0.5,360,12.0,0.95,2.5,568,2591,937,4572,0.06552838024919243,0.29891555145362253,0.10809875403784033,0.5274573142593447,872,0.10059990770650669,0.8591014553891584,4096,0.4725426857406553
W12_C0.5_Rt12_q0.95_k3,12,0.5,360,12.0,0.95,3.0,568,2591,937,4572,0.06552838024919243,0.29891555145362253,0.10809875403784033,0.5274573142593447,872,0.10059990770650669,0.8591014553891584,4096,0.4725426857406553
W12_C0.5_Rt12_q0.95_k3.5,12,0.5,360,12.0,0.95,3.5,568,2591,937,4572,0.06552838024919243,0.29891555145362253,0.10809875403784033,0.5274573142593447,872,0.10059990770650669,0.8591014553891584,4096,0.4725426857406553
W12_C0.5_Rt12_q0.99_k2.5,12,0.5,360,12.0,0.99,2.5,568,1804,1528,4768,0.06552838024919243,0.20812182741116753,0.1762805722196585,0.5500692201199815,1713,0.1976234425473004,0.7132534702414908,3900,0.4499307798800185
W12_C0.5_Rt12_q0.99_k3,12,0.5,360,12.0,0.99,3.0,568,1804,1528,4768,0.06552838024919243,0.20812182741116753,0.1762805722196585,0.5500692201199815,1713,0.1976234425473004,0.7132534702414908,3900,0.4499307798800185
W12_C0.5_Rt12_q0.99_k3.5,12,0.5,360,12.0,0.99,3.5,568,1804,1528,4768,0.06552838024919243,0.20812182741116753,0.1762805722196585,0.5500692201199815,1713,0.1976234425473004,0.7132534702414908,3900,0.4499307798800185
W12_C0.6_Rt8_q0.9_k2.5,12,0.6,432,8.0,0.9,2.5,688,2879,764,4337,0.0793724042455007,0.33214120904476235,0.08814028610982926,0.5003461005999077,1026,0.11836640516843562,0.8191263782866837,4331,0.4996538994000923
W12_C0.6_Rt8_q0.9_k3,12,0.6,432,8.0,0.9,3.0,688,2879,764,4337,0.0793724042455007,0.33214120904476235,0.08814028610982926,0.5003461005999077,1026,0.11836640516843562,0.8191263782866837,4331,0.4996538994000923
W12_C0.6_Rt8_q0.9_k3.5,12,0.6,432,8.0,0.9,3.5,688,2879,764,4337,0.0793724042455007,0.33214120904476235,0.08814028610982926,0.5003461005999077,1026,0.11836640516843562,0.8191263782866837,4331,0.4996538994000923
W12_C0.6_Rt8_q0.95_k2.5,12,0.6,432,8.0,0.95,2.5,688,2553,1089,4338,0.0793724042455007,0.29453161052145826,0.12563451776649745,0.5004614674665436,772,0.08906322104291647,0.8721361553567533,4330,0.49953853253345637
W12_C0.6_Rt8_q0.95_k3,12,0.6,432,8.0,0.95,3.0,688,2553,1089,4338,0.0793724042455007,0.29453161052145826,0.12563451776649745,0.5004614674665436,772,0.08906322104291647,0.8721361553567533,4330,0.49953853253345637
W12_C0.6_Rt8_q0.95_k3.5,12,0.6,432,8.0,0.95,3.5,688,2553,1089,4338,0.0793724042455007,0.29453161052145826,0.12563451776649745,0.5004614674665436,772,0.08906322104291647,0.8721361553567533,4330,0.49953853253345637
W12_C0.6_Rt8_q0.99_k2.5,12,0.6,432,8.0,0.99,2.5,688,1780,1876,4324,0.0793724042455007,0.20535302261190586,0.21642824180895248,0.498846331333641,1946,0.22450392247346562,0.6594343277799303,4344,0.501153668666359
W12_C0.6_Rt8_q0.99_k3,12,0.6,432,8.0,0.99,3.0,688,1780,1876,4324,0.0793724042455007,0.20535302261190586,0.21642824180895248,0.498846331333641,1946,0.22450392247346562,0.6594343277799303,4344,0.501153668666359
W12_C0.6_Rt8_q0.99_k3.5,12,0.6,432,8.0,0.99,3.5,688,1780,1876,4324,0.0793724042455007,0.20535302261190586,0.21642824180895248,0.498846331333641,1946,0.22450392247346562,0.6594343277799303,4344,0.501153668666359
W12_C0.6_Rt9.5_q0.9_k2.5,12,0.6,432,9.5,0.9,2.5,688,2879,691,4410,0.0793724042455007,0.33214120904476235,0.0797185048454084,0.5087678818643285,1072,0.12367328103368712,0.8111785639522713,4258,0.49123211813567147
W12_C0.6_Rt9.5_q0.9_k3,12,0.6,432,9.5,0.9,3.0,688,2879,691,4410,0.0793724042455007,0.33214120904476235,0.0797185048454084,0.5087678818643285,1072,0.12367328103368712,0.8111785639522713,4258,0.49123211813567147
W12_C0.6_Rt9.5_q0.9_k3.5,12,0.6,432,9.5,0.9,3.5,688,2879,691,4410,0.0793724042455007,0.33214120904476235,0.0797185048454084,0.5087678818643285,1072,0.12367328103368712,0.8111785639522713,4258,0.49123211813567147
W12_C0.6_Rt9.5_q0.95_k2.5,12,0.6,432,9.5,0.95,2.5,688,2553,1029,4398,0.0793724042455007,0.29453161052145826,0.11871250576834333,0.5073834794646978,756,0.08721735117674204,0.8754069893640113,4270,0.49261652053530225
W12_C0.6_Rt9.5_q0.95_k3,12,0.6,432,9.5,0.95,3.0,688,2553,1029,4398,0.0793724042455007,0.29453161052145826,0.11871250576834333,0.5073834794646978,756,0.08721735117674204,0.8754069893640113,4270,0.49261652053530225
W12_C0.6_Rt9.5_q0.95_k3.5,12,0.6,432,9.5,0.95,3.5,688,2553,1029,4398,0.0793724042455007,0.29453161052145826,0.11871250576834333,0.5073834794646978,756,0.08721735117674204,0.8754069893640113,4270,0.49261652053530225
W12_C0.6_Rt9.5_q0.99_k2.5,12,0.6,432,9.5,0.99,2.5,688,1780,1642,4558,0.0793724042455007,0.20535302261190586,0.18943239501615136,0.5258421781264421,1729,0.19946931241347485,0.7008117510630073,4110,0.4741578218735579
W12_C0.6_Rt9.5_q0.99_k3,12,0.6,432,9.5,0.99,3.0,688,1780,1642,4558,0.0793724042455007,0.20535302261190586,0.18943239501615136,0.5258421781264421,1729,0.19946931241347485,0.7008117510630073,4110,0.4741578218735579
W12_C0.6_Rt9.5_q0.99_k3.5,12,0.6,432,9.5,0.99,3.5,688,1780,1642,4558,0.0793724042455007,0.20535302261190586,0.18943239501615136,0.5258421781264421,1729,0.19946931241347485,0.7008117510630073,4110,0.4741578218735579
W12_C0.6_Rt10_q0.9_k2.5,12,0.6,432,10.0,0.9,2.5,688,2879,665,4436,0.0793724042455007,0.33214120904476235,0.07671896631287495,0.5117674203968621,1087,0.12540378403322566,0.8086702792830346,4232,0.48823257960313793
W12_C0.6_Rt10_q0.9_k3,12,0.6,432,10.0,0.9,3.0,688,2879,665,4436,0.0793724042455007,0.33214120904476235,0.07671896631287495,0.5117674203968621,1087,0.12540378403322566,0.8086702792830346,4232,0.48823257960313793
W12_C0.6_Rt10_q0.9_k3.5,12,0.6,432,10.0,0.9,3.5,688,2879,665,4436,0.0793724042455007,0.33214120904476235,0.07671896631287495,0.5117674203968621,1087,0.12540378403322566,0.8086702792830346,4232,0.48823257960313793
W12_C0.6_Rt10_q0.95_k2.5,12,0.6,432,10.0,0.95,2.5,688,2553,1005,4422,0.0793724042455007,0.29453161052145826,0.11594370096908169,0.5101522842639594,756,0.08721735117674204,0.8753246753246753,4246,0.4898477157360406
W12_C0.6_Rt10_q0.95_k3,12,0.6,432,10.0,0.95,3.0,688,2553,1005,4422,0.0793724042455007,0.29453161052145826,0.11594370096908169,0.5101522842639594,756,0.08721735117674204,0.8753246753246753,4246,0.4898477157360406
W12_C0.6_Rt10_q0.95_k3.5,12,0.6,432,10.0,0.95,3.5,688,2553,1005,4422,0.0793724042455007,0.29453161052145826,0.11594370096908169,0.5101522842639594,756,0.08721735117674204,0.8753246753246753,4246,0.4898477157360406
W12_C0.6_Rt10_q0.99_k2.5,12,0.6,432,10.0,0.99,2.5,688,1780,1597,4603,0.0793724042455007,0.20535302261190586,0.18424088601753577,0.5310336871250577,1692,0.19520073834794646,0.7078586599729677,4065,0.4689663128749423
W12_C0.6_Rt10_q0.99_k3,12,0.6,432,10.0,0.99,3.0,688,1780,1597,4603,0.0793724042455007,0.20535302261190586,0.18424088601753577,0.5310336871250577,1692,0.19520073834794646,0.7078586599729677,4065,0.4689663128749423
W12_C0.6_Rt10_q0.99_k3.5,12,0.6,432,10.0,0.99,3.5,688,1780,1597,4603,0.0793724042455007,0.20535302261190586,0.18424088601753577,0.5310336871250577,1692,0.19520073834794646,0.7078586599729677,4065,0.4689663128749423
W12_C0.6_Rt10.5_q0.9_k2.5,12,0.6,432,10.5,0.9,2.5,688,2879,636,4465,0.0793724042455007,0.33214120904476235,0.07337332718043378,0.5151130595293032,1106,0.1275957544993078,0.8056822895064288,4203,0.4848869404706968
W12_C0.6_Rt10.5_q0.9_k3,12,0.6,432,10.5,0.9,3.0,688,2879,636,4465,0.0793724042455007,0.33214120904476235,0.07337332718043378,0.5151130595293032,1106,0.1275957544993078,0.8056822895064288,4203,0.4848869404706968
W12_C0.6_Rt10.5_q0.9_k3.5,12,0.6,432,10.5,0.9,3.5,688,2879,636,4465,0.0793724042455007,0.33214120904476235,0.07337332718043378,0.5151130595293032,1106,0.1275957544993078,0.8056822895064288,4203,0.4848869404706968
W12_C0.6_Rt10.5_q0.95_k2.5,12,0.6,432,10.5,0.95,2.5,688,2553,982,4445,0.0793724042455007,0.29453161052145826,0.11329026303645592,0.5128057221965852,764,0.08814028610982926,0.8738136324417601,4223,0.48719427780341484
W12_C0.6_Rt10.5_q0.95_k3,12,0.6,432,10.5,0.95,3.0,688,2553,982,4445,0.0793724042455007,0.29453161052145826,0.11329026303645592,0.5128057221965852,764,0.08814028610982926,0.8738136324417601,4223,0.48719427780341484
W12_C0.6_Rt10.5_q0.95_k3.5,12,0.6,432,10.5,0.95,3.5,688,2553,982,4445,0.0793724042455007,0.29453161052145826,0.11329026303645592,0.5128057221965852,764,0.08814028610982926,0.8738136324417601,4223,0.48719427780341484
W12_C0.6_Rt10.5_q0.99_k2.5,12,0.6,432,10.5,0.99,2.5,688,1780,1571,4629,0.0793724042455007,0.20535302261190586,0.1812413474850023,0.5340332256575911,1669,0.19254730041532073,0.7118873021999228,4039,0.46596677434240885
W12_C0.6_Rt10.5_q0.99_k3,12,0.6,432,10.5,0.99,3.0,688,1780,1571,4629,0.0793724042455007,0.20535302261190586,0.1812413474850023,0.5340332256575911,1669,0.19254730041532073,0.7118873021999228,4039,0.46596677434240885
W12_C0.6_Rt10.5_q0.99_k3.5,12,0.6,432,10.5,0.99,3.5,688,1780,1571,4629,0.0793724042455007,0.20535302261190586,0.1812413474850023,0.5340332256575911,1669,0.19254730041532073,0.7118873021999228,4039,0.46596677434240885
W12_C0.6_Rt12_q0.9_k2.5,12,0.6,432,12.0,0.9,2.5,688,2879,560,4541,0.0793724042455007,0.33214120904476235,0.06460544531610521,0.5238809413936317,1169,0.13486386709736964,0.7953802125919869,4127,0.4761190586063683
W12_C0.6_Rt12_q0.9_k3,12,0.6,432,12.0,0.9,3.0,688,2879,560,4541,0.0793724042455007,0.33214120904476235,0.06460544531610521,0.5238809413936317,1169,0.13486386709736964,0.7953802125919869,4127,0.4761190586063683
W12_C0.6_Rt12_q0.9_k3.5,12,0.6,432,12.0,0.9,3.5,688,2879,560,4541,0.0793724042455007,0.33214120904476235,0.06460544531610521,0.5238809413936317,1169,0.13486386709736964,0.7953802125919869,4127,0.4761190586063683
W12_C0.6_Rt12_q0.95_k2.5,12,0.6,432,12.0,0.95,2.5,688,2553,925,4502,0.0793724042455007,0.29453161052145826,0.10671435163820951,0.5193816335948316,788,0.09090909090909091,0.8683760683760684,4166,0.4806183664051684
W12_C0.6_Rt12_q0.95_k3,12,0.6,432,12.0,0.95,3.0,688,2553,925,4502,0.0793724042455007,0.29453161052145826,0.10671435163820951,0.5193816335948316,788,0.09090909090909091,0.8683760683760684,4166,0.4806183664051684
W12_C0.6_Rt12_q0.95_k3.5,12,0.6,432,12.0,0.95,3.5,688,2553,925,4502,0.0793724042455007,0.29453161052145826,0.10671435163820951,0.5193816335948316,788,0.09090909090909091,0.8683760683760684,4166,0.4806183664051684
W12_C0.6_Rt12_q0.99_k2.5,12,0.6,432,12.0,0.99,2.5,688,1780,1498,4702,0.0793724042455007,0.20535302261190586,0.17281956622058145,0.542455006922012,1617,0.1865482233502538,0.721655437921078,3966,0.457544993077988
W12_C0.6_Rt12_q0.99_k3,12,0.6,432,12.0,0.99,3.0,688,1780,1498,4702,0.0793724042455007,0.20535302261190586,0.17281956622058145,0.542455006922012,1617,0.1865482233502538,0.721655437921078,3966,0.457544993077988
W12_C0.6_Rt12_q0.99_k3.5,12,0.6,432,12.0,0.99,3.5,688,1780,1498,4702,0.0793724042455007,0.20535302261190586,0.17281956622058145,0.542455006922012,1617,0.1865482233502538,0.721655437921078,3966,0.457544993077988
W12_C0.75_Rt8_q0.9_k2.5,12,0.75,540,8.0,0.9,2.5,826,2833,752,4257,0.09529303184125519,0.3268343331795108,0.08675588371019843,0.49111675126903553,908,0.10475311490539917,0.8312863606981254,4411,0.5088832487309645
W12_C0.75_Rt8_q0.9_k3,12,0.75,540,8.0,0.9,3.0,826,2833,752,4257,0.09529303184125519,0.3268343331795108,0.08675588371019843,0.49111675126903553,908,0.10475311490539917,0.8312863606981254,4411,0.5088832487309645
W12_C0.75_Rt8_q0.9_k3.5,12,0.75,540,8.0,0.9,3.5,826,2833,752,4257,0.09529303184125519,0.3268343331795108,0.08675588371019843,0.49111675126903553,908,0.10475311490539917,0.8312863606981254,4411,0.5088832487309645
W12_C0.75_Rt8_q0.95_k2.5,12,0.75,540,8.0,0.95,2.5,826,2508,1068,4266,0.09529303184125519,0.2893401015228426,0.12321181356714352,0.4921550530687587,654,0.07544993077988002,0.8839681133746679,4402,0.5078449469312414
W12_C0.75_Rt8_q0.95_k3,12,0.75,540,8.0,0.95,3.0,826,2508,1068,4266,0.09529303184125519,0.2893401015228426,0.12321181356714352,0.4921550530687587,654,0.07544993077988002,0.8839681133746679,4402,0.5078449469312414
W12_C0.75_Rt8_q0.95_k3.5,12,0.75,540,8.0,0.95,3.5,826,2508,1068,4266,0.09529303184125519,0.2893401015228426,0.12321181356714352,0.4921550530687587,654,0.07544993077988002,0.8839681133746679,4402,0.5078449469312414
W12_C0.75_Rt8_q0.99_k2.5,12,0.75,540,8.0,0.99,2.5,826,1750,1838,4254,0.09529303184125519,0.2018920166128288,0.2120443008767882,0.49077065066912784,1823,0.21031379787724966,0.6678445229681979,4414,0.5092293493308722
W12_C0.75_Rt8_q0.99_k3,12,0.75,540,8.0,0.99,3.0,826,1750,1838,4254,0.09529303184125519,0.2018920166128288,0.2120443008767882,0.49077065066912784,1823,0.21031379787724966,0.6678445229681979,4414,0.5092293493308722
W12_C0.75_Rt8_q0.99_k3.5,12,0.75,540,8.0,0.99,3.5,826,1750,1838,4254,0.09529303184125519,0.2018920166128288,0.2120443008767882,0.49077065066912784,1823,0.21031379787724966,0.6678445229681979,4414,0.5092293493308722
W12_C0.75_Rt9.5_q0.9_k2.5,12,0.75,540,9.5,0.9,2.5,826,2833,679,4330,0.09529303184125519,0.3268343331795108,0.07833410244577757,0.49953853253345637,954,0.11005999077065066,0.8230540195661421,4338,0.5004614674665436
W12_C0.75_Rt9.5_q0.9_k3,12,0.75,540,9.5,0.9,3.0,826,2833,679,4330,0.09529303184125519,0.3268343331795108,0.07833410244577757,0.49953853253345637,954,0.11005999077065066,0.8230540195661421,4338,0.5004614674665436
W12_C0.75_Rt9.5_q0.9_k3.5,12,0.75,540,9.5,0.9,3.5,826,2833,679,4330,0.09529303184125519,0.3268343331795108,0.07833410244577757,0.49953853253345637,954,0.11005999077065066,0.8230540195661421,4338,0.5004614674665436
W12_C0.75_Rt9.5_q0.95_k2.5,12,0.75,540,9.5,0.95,2.5,826,2508,1011,4323,0.09529303184125519,0.2893401015228426,0.11663590216889709,0.4987309644670051,638,0.07360406091370558,0.887811329072074,4345,0.501269035532995
W12_C0.75_Rt9.5_q0.95_k3,12,0.75,540,9.5,0.95,3.0,826,2508,1011,4323,0.09529303184125519,0.2893401015228426,0.11663590216889709,0.4987309644670051,638,0.07360406091370558,0.887811329072074,4345,0.501269035532995
W12_C0.75_Rt9.5_q0.95_k3.5,12,0.75,540,9.5,0.95,3.5,826,2508,1011,4323,0.09529303184125519,0.2893401015228426,0.11663590216889709,0.4987309644670051,638,0.07360406091370558,0.887811329072074,4345,0.501269035532995
W12_C0.75_Rt9.5_q0.99_k2.5,12,0.75,540,9.5,0.99,2.5,826,1750,1609,4483,0.09529303184125519,0.2018920166128288,0.18562528841716658,0.5171896631287495,1607,0.1853945546838948,0.7101136809094473,4185,0.4828103368712505
W12_C0.75_Rt9.5_q0.99_k3,12,0.75,540,9.5,0.99,3.0,826,1750,1609,4483,0.09529303184125519,0.2018920166128288,0.18562528841716658,0.5171896631287495,1607,0.1853945546838948,0.7101136809094473,4185,0.4828103368712505
W12_C0.75_Rt9.5_q0.99_k3.5,12,0.75,540,9.5,0.99,3.5,826,1750,1609,4483,0.09529303184125519,0.2018920166128288,0.18562528841716658,0.5171896631287495,1607,0.1853945546838948,0.7101136809094473,4185,0.4828103368712505
W12_C0.75_Rt10_q0.9_k2.5,12,0.75,540,10.0,0.9,2.5,826,2833,653,4356,0.09529303184125519,0.3268343331795108,0.07533456391324411,0.5025380710659898,969,0.1117904937701892,0.8204531018420496,4312,0.4974619289340102
W12_C0.75_Rt10_q0.9_k3,12,0.75,540,10.0,0.9,3.0,826,2833,653,4356,0.09529303184125519,0.3268343331795108,0.07533456391324411,0.5025380710659898,969,0.1117904937701892,0.8204531018420496,4312,0.4974619289340102
W12_C0.75_Rt10_q0.9_k3.5,12,0.75,540,10.0,0.9,3.5,826,2833,653,4356,0.09529303184125519,0.3268343331795108,0.07533456391324411,0.5025380710659898,969,0.1117904937701892,0.8204531018420496,4312,0.4974619289340102
W12_C0.75_Rt10_q0.95_k2.5,12,0.75,540,10.0,0.95,2.5,826,2508,989,4345,0.09529303184125519,0.2893401015228426,0.11409783110290725,0.501269035532995,638,0.07360406091370558,0.8880826737027264,4323,0.49873096446700504
W12_C0.75_Rt10_q0.95_k3,12,0.75,540,10.0,0.95,3.0,826,2508,989,4345,0.09529303184125519,0.2893401015228426,0.11409783110290725,0.501269035532995,638,0.07360406091370558,0.8880826737027264,4323,0.49873096446700504
W12_C0.75_Rt10_q0.95_k3.5,12,0.75,540,10.0,0.95,3.5,826,2508,989,4345,0.09529303184125519,0.2893401015228426,0.11409783110290725,0.501269035532995,638,0.07360406091370558,0.8880826737027264,4323,0.49873096446700504
W12_C0.75_Rt10_q0.99_k2.5,12,0.75,540,10.0,0.99,2.5,826,1750,1564,4528,0.09529303184125519,0.2018920166128288,0.180433779418551,0.522381172127365,1570,0.1811259806183664,0.7172508321911102,4140,0.477618827872635
W12_C0.75_Rt10_q0.99_k3,12,0.75,540,10.0,0.99,3.0,826,1750,1564,4528,0.09529303184125519,0.2018920166128288,0.180433779418551,0.522381172127365,1570,0.1811259806183664,0.7172508321911102,4140,0.477618827872635
W12_C0.75_Rt10_q0.99_k3.5,12,0.75,540,10.0,0.99,3.5,826,1750,1564,4528,0.09529303184125519,0.2018920166128288,0.180433779418551,0.522381172127365,1570,0.1811259806183664,0.7172508321911102,4140,0.477618827872635
W12_C0.75_Rt10.5_q0.9_k2.5,12,0.75,540,10.5,0.9,2.5,826,2833,624,4385,0.09529303184125519,0.3268343331795108,0.07198892478080296,0.505883710198431,988,0.11398246423627134,0.8173583315778387,4283,0.49411628980156896
W12_C0.75_Rt10.5_q0.9_k3,12,0.75,540,10.5,0.9,3.0,826,2833,624,4385,0.09529303184125519,0.3268343331795108,0.07198892478080296,0.505883710198431,988,0.11398246423627134,0.8173583315778387,4283,0.49411628980156896
W12_C0.75_Rt10.5_q0.9_k3.5,12,0.75,540,10.5,0.9,3.5,826,2833,624,4385,0.09529303184125519,0.3268343331795108,0.07198892478080296,0.505883710198431,988,0.11398246423627134,0.8173583315778387,4283,0.49411628980156896
W12_C0.75_Rt10.5_q0.95_k2.5,12,0.75,540,10.5,0.95,2.5,826,2508,967,4367,0.09529303184125519,0.2893401015228426,0.1115597600369174,0.5038071065989848,646,0.0745269958467928,0.8866973482358098,4301,0.49619289340101524
W12_C0.75_Rt10.5_q0.95_k3,12,0.75,540,10.5,0.95,3.0,826,2508,967,4367,0.09529303184125519,0.2893401015228426,0.1115597600369174,0.5038071065989848,646,0.0745269958467928,0.8866973482358098,4301,0.49619289340101524
W12_C0.75_Rt10.5_q0.95_k3.5,12,0.75,540,10.5,0.95,3.5,826,2508,967,4367,0.09529303184125519,0.2893401015228426,0.1115597600369174,0.5038071065989848,646,0.0745269958467928,0.8866973482358098,4301,0.49619289340101524
W12_C0.75_Rt10.5_q0.99_k2.5,12,0.75,540,10.5,0.99,2.5,826,1750,1538,4554,0.09529303184125519,0.2018920166128288,0.17743424088601753,0.5253807106598984,1547,0.17847254268574064,0.7213307240704501,4114,0.47461928934010156
W12_C0.75_Rt10.5_q0.99_k3,12,0.75,540,10.5,0.99,3.0,826,1750,1538,4554,0.09529303184125519,0.2018920166128288,0.17743424088601753,0.5253807106598984,1547,0.17847254268574064,0.7213307240704501,4114,0.47461928934010156
W12_C0.75_Rt10.5_q0.99_k3.5,12,0.75,540,10.5,0.99,3.5,826,1750,1538,4554,0.09529303184125519,0.2018920166128288,0.17743424088601753,0.5253807106598984,1547,0.17847254268574064,0.7213307240704501,4114,0.47461928934010156
W12_C0.75_Rt12_q0.9_k2.5,12,0.75,540,12.0,0.9,2.5,826,2833,549,4460,0.09529303184125519,0.3268343331795108,0.0633364097831103,0.5145362251961236,1051,0.12125057683433318,0.8068936877076412,4208,0.48546377480387637
W12_C0.75_Rt12_q0.9_k3,12,0.75,540,12.0,0.9,3.0,826,2833,549,4460,0.09529303184125519,0.3268343331795108,0.0633364097831103,0.5145362251961236,1051,0.12125057683433318,0.8068936877076412,4208,0.48546377480387637
W12_C0.75_Rt12_q0.9_k3.5,12,0.75,540,12.0,0.9,3.5,826,2833,549,4460,0.09529303184125519,0.3268343331795108,0.0633364097831103,0.5145362251961236,1051,0.12125057683433318,0.8068936877076412,4208,0.48546377480387637
W12_C0.75_Rt12_q0.95_k2.5,12,0.75,540,12.0,0.95,2.5,826,2508,911,4423,0.09529303184125519,0.2893401015228426,0.10509921550530688,0.5102676511305952,670,0.07729580064605446,0.8812418584455058,4245,0.48973234886940475
W12_C0.75_Rt12_q0.95_k3,12,0.75,540,12.0,0.95,3.0,826,2508,911,4423,0.09529303184125519,0.2893401015228426,0.10509921550530688,0.5102676511305952,670,0.07729580064605446,0.8812418584455058,4245,0.48973234886940475
W12_C0.75_Rt12_q0.95_k3.5,12,0.75,540,12.0,0.95,3.5,826,2508,911,4423,0.09529303184125519,0.2893401015228426,0.10509921550530688,0.5102676511305952,670,0.07729580064605446,0.8812418584455058,4245,0.48973234886940475
W12_C0.75_Rt12_q0.99_k2.5,12,0.75,540,12.0,0.99,2.5,826,1750,1468,4624,0.09529303184125519,0.2018920166128288,0.1693585602215044,0.5334563913244116,1495,0.17247346562067375,0.731640625,4044,0.4665436086755884
W12_C0.75_Rt12_q0.99_k3,12,0.75,540,12.0,0.99,3.0,826,1750,1468,4624,0.09529303184125519,0.2018920166128288,0.1693585602215044,0.5334563913244116,1495,0.17247346562067375,0.731640625,4044,0.4665436086755884
W12_C0.75_Rt12_q0.99_k3.5,12,0.75,540,12.0,0.99,3.5,826,1750,1468,4624,0.09529303184125519,0.2018920166128288,0.1693585602215044,0.5334563913244116,1495,0.17247346562067375,0.731640625,4044,0.4665436086755884
W18_C0.4_Rt8_q0.9_k2.5,18,0.4,432,8.0,0.9,2.5,670,2876,743,4379,0.07729580064605446,0.33179510844485466,0.08571758191047531,0.5051915089986156,969,0.1117904937701892,0.8291958412900488,4289,0.49480849100138435
W18_C0.4_Rt8_q0.9_k3,18,0.4,432,8.0,0.9,3.0,670,2876,743,4379,0.07729580064605446,0.33179510844485466,0.08571758191047531,0.5051915089986156,969,0.1117904937701892,0.8291958412900488,4289,0.49480849100138435
W18_C0.4_Rt8_q0.9_k3.5,18,0.4,432,8.0,0.9,3.5,670,2876,743,4379,0.07729580064605446,0.33179510844485466,0.08571758191047531,0.5051915089986156,969,0.1117904937701892,0.8291958412900488,4289,0.49480849100138435
W18_C0.4_Rt8_q0.95_k2.5,18,0.4,432,8.0,0.95,2.5,670,2527,1045,4426,0.07729580064605446,0.2915320719889248,0.12055837563451777,0.510613751730503,549,0.0633364097831103,0.9176991150442478,4242,0.48938624826949695
W18_C0.4_Rt8_q0.95_k3,18,0.4,432,8.0,0.95,3.0,670,2527,1045,4426,0.07729580064605446,0.2915320719889248,0.12055837563451777,0.510613751730503,549,0.0633364097831103,0.9176991150442478,4242,0.48938624826949695
W18_C0.4_Rt8_q0.95_k3.5,18,0.4,432,8.0,0.95,3.5,670,2527,1045,4426,0.07729580064605446,0.2915320719889248,0.12055837563451777,0.510613751730503,549,0.0633364097831103,0.9176991150442478,4242,0.48938624826949695
W18_C0.4_Rt8_q0.99_k2.5,18,0.4,432,8.0,0.99,2.5,670,1792,1781,4425,0.07729580064605446,0.2067374250115367,0.20546838947854176,0.5104983848638671,1820,0.20996769727734194,0.681932854647778,4243,0.4895016151361329
W18_C0.4_Rt8_q0.99_k3,18,0.4,432,8.0,0.99,3.0,670,1792,1781,4425,0.07729580064605446,0.2067374250115367,0.20546838947854176,0.5104983848638671,1820,0.20996769727734194,0.681932854647778,4243,0.4895016151361329
W18_C0.4_Rt8_q0.99_k3.5,18,0.4,432,8.0,0.99,3.5,670,1792,1781,4425,0.07729580064605446,0.2067374250115367,0.20546838947854176,0.5104983848638671,1820,0.20996769727734194,0.681932854647778,4243,0.4895016151361329
W18_C0.4_Rt9.5_q0.9_k2.5,18,0.4,432,9.5,0.9,2.5,670,2876,668,4454,0.07729580064605446,0.33179510844485466,0.07706506691278264,0.5138440239963082,1031,0.11894323950161513,0.8181057913443446,4214,0.48615597600369176
W18_C0.4_Rt9.5_q0.9_k3,18,0.4,432,9.5,0.9,3.0,670,2876,668,4454,0.07729580064605446,0.33179510844485466,0.07706506691278264,0.5138440239963082,1031,0.11894323950161513,0.8181057913443446,4214,0.48615597600369176
W18_C0.4_Rt9.5_q0.9_k3.5,18,0.4,432,9.5,0.9,3.5,670,2876,668,4454,0.07729580064605446,0.33179510844485466,0.07706506691278264,0.5138440239963082,1031,0.11894323950161513,0.8181057913443446,4214,0.48615597600369176
W18_C0.4_Rt9.5_q0.95_k2.5,18,0.4,432,9.5,0.95,2.5,670,2527,1001,4470,0.07729580064605446,0.2915320719889248,0.11548223350253807,0.5156898938624827,543,0.06264420858329488,0.9185201497467518,4198,0.48431010613751735
W18_C0.4_Rt9.5_q0.95_k3,18,0.4,432,9.5,0.95,3.0,670,2527,1001,4470,0.07729580064605446,0.2915320719889248,0.11548223350253807,0.5156898938624827,543,0.06264420858329488,0.9185201497467518,4198,0.48431010613751735
W18_C0.4_Rt9.5_q0.95_k3.5,18,0.4,432,9.5,0.95,3.5,670,2527,1001,4470,0.07729580064605446,0.2915320719889248,0.11548223350253807,0.5156898938624827,543,0.06264420858329488,0.9185201497467518,4198,0.48431010613751735
W18_C0.4_Rt9.5_q0.99_k2.5,18,0.4,432,9.5,0.99,2.5,670,1792,1572,4634,0.07729580064605446,0.2067374250115367,0.18135671435163822,0.5346100599907706,1620,0.1868943239501615,0.7194885703215808,4034,0.4653899400092294
W18_C0.4_Rt9.5_q0.99_k3,18,0.4,432,9.5,0.99,3.0,670,1792,1572,4634,0.07729580064605446,0.2067374250115367,0.18135671435163822,0.5346100599907706,1620,0.1868943239501615,0.7194885703215808,4034,0.4653899400092294
W18_C0.4_Rt9.5_q0.99_k3.5,18,0.4,432,9.5,0.99,3.5,670,1792,1572,4634,0.07729580064605446,0.2067374250115367,0.18135671435163822,0.5346100599907706,1620,0.1868943239501615,0.7194885703215808,4034,0.4653899400092294
W18_C0.4_Rt10_q0.9_k2.5,18,0.4,432,10.0,0.9,2.5,670,2876,635,4487,0.07729580064605446,0.33179510844485466,0.07325796031379787,0.517651130595293,1061,0.1224042455006922,0.8128764278296988,4181,0.482348869404707
W18_C0.4_Rt10_q0.9_k3,18,0.4,432,10.0,0.9,3.0,670,2876,635,4487,0.07729580064605446,0.33179510844485466,0.07325796031379787,0.517651130595293,1061,0.1224042455006922,0.8128764278296988,4181,0.482348869404707
W18_C0.4_Rt10_q0.9_k3.5,18,0.4,432,10.0,0.9,3.5,670,2876,635,4487,0.07729580064605446,0.33179510844485466,0.07325796031379787,0.517651130595293,1061,0.1224042455006922,0.8128764278296988,4181,0.482348869404707
W18_C0.4_Rt10_q0.95_k2.5,18,0.4,432,10.0,0.95,2.5,670,2527,978,4493,0.07729580064605446,0.2915320719889248,0.11282879556991232,0.5183433317951085,560,0.06460544531610521,0.9147303814116615,4175,0.4816566682048915
W18_C0.4_Rt10_q0.95_k3,18,0.4,432,10.0,0.95,3.0,670,2527,978,4493,0.07729580064605446,0.2915320719889248,0.11282879556991232,0.5183433317951085,560,0.06460544531610521,0.9147303814116615,4175,0.4816566682048915
W18_C0.4_Rt10_q0.95_k3.5,18,0.4,432,10.0,0.95,3.5,670,2527,978,4493,0.07729580064605446,0.2915320719889248,0.11282879556991232,0.5183433317951085,560,0.06460544531610521,0.9147303814116615,4175,0.4816566682048915
W18_C0.4_Rt10_q0.99_k2.5,18,0.4,432,10.0,0.99,2.5,670,1792,1547,4659,0.07729580064605446,0.2067374250115367,0.17847254268574064,0.5374942316566682,1597,0.18424088601753577,0.7236638264910922,4009,0.4625057683433318
W18_C0.4_Rt10_q0.99_k3,18,0.4,432,10.0,0.99,3.0,670,1792,1547,4659,0.07729580064605446,0.2067374250115367,0.17847254268574064,0.5374942316566682,1597,0.18424088601753577,0.7236638264910922,4009,0.4625057683433318
W18_C0.4_Rt10_q0.99_k3.5,18,0.4,432,10.0,0.99,3.5,670,1792,1547,4659,0.07729580064605446,0.2067374250115367,0.17847254268574064,0.5374942316566682,1597,0.18424088601753577,0.7236638264910922,4009,0.4625057683433318
W18_C0.4_Rt10.5_q0.9_k2.5,18,0.4,432,10.5,0.9,2.5,670,2876,608,4514,0.07729580064605446,0.33179510844485466,0.07014305491462852,0.5207660359944624,1088,0.12551915089986157,0.8083436596447748,4154,0.47923396400553764
W18_C0.4_Rt10.5_q0.9_k3,18,0.4,432,10.5,0.9,3.0,670,2876,608,4514,0.07729580064605446,0.33179510844485466,0.07014305491462852,0.5207660359944624,1088,0.12551915089986157,0.8083436596447748,4154,0.47923396400553764
W18_C0.4_Rt10.5_q0.9_k3.5,18,0.4,432,10.5,0.9,3.5,670,2876,608,4514,0.07729580064605446,0.33179510844485466,0.07014305491462852,0.5207660359944624,1088,0.12551915089986157,0.8083436596447748,4154,0.47923396400553764
W18_C0.4_Rt10.5_q0.95_k2.5,18,0.4,432,10.5,0.95,2.5,670,2527,958,4513,0.07729580064605446,0.2915320719889248,0.11052145823719428,0.5206506691278265,573,0.06610521458237194,0.9119895173618694,4155,0.47934933087217346
W18_C0.4_Rt10.5_q0.95_k3,18,0.4,432,10.5,0.95,3.0,670,2527,958,4513,0.07729580064605446,0.2915320719889248,0.11052145823719428,0.5206506691278265,573,0.06610521458237194,0.9119895173618694,4155,0.47934933087217346
W18_C0.4_Rt10.5_q0.95_k3.5,18,0.4,432,10.5,0.95,3.5,670,2527,958,4513,0.07729580064605446,0.2915320719889248,0.11052145823719428,0.5206506691278265,573,0.06610521458237194,0.9119895173618694,4155,0.47934933087217346
W18_C0.4_Rt10.5_q0.99_k2.5,18,0.4,432,10.5,0.99,2.5,670,1792,1531,4675,0.07729580064605446,0.2067374250115367,0.17662667281956623,0.5393401015228426,1584,0.18274111675126903,0.7257596284110702,3993,0.4606598984771574
W18_C0.4_Rt10.5_q0.99_k3,18,0.4,432,10.5,0.99,3.0,670,1792,1531,4675,0.07729580064605446,0.2067374250115367,0.17662667281956623,0.5393401015228426,1584,0.18274111675126903,0.7257596284110702,3993,0.4606598984771574
W18_C0.4_Rt10.5_q0.99_k3.5,18,0.4,432,10.5,0.99,3.5,670,1792,1531,4675,0.07729580064605446,0.2067374250115367,0.17662667281956623,0.5393401015228426,1584,0.18274111675126903,0.7257596284110702,3993,0.4606598984771574
W18_C0.4_Rt12_q0.9_k2.5,18,0.4,432,12.0,0.9,2.5,670,2876,530,4592,0.07729580064605446,0.33179510844485466,0.06114443931702815,0.5297646515920628,1159,0.13371019843101062,0.7966239576977832,4076,0.47023534840793724
W18_C0.4_Rt12_q0.9_k3,18,0.4,432,12.0,0.9,3.0,670,2876,530,4592,0.07729580064605446,0.33179510844485466,0.06114443931702815,0.5297646515920628,1159,0.13371019843101062,0.7966239576977832,4076,0.47023534840793724
W18_C0.4_Rt12_q0.9_k3.5,18,0.4,432,12.0,0.9,3.5,670,2876,530,4592,0.07729580064605446,0.33179510844485466,0.06114443931702815,0.5297646515920628,1159,0.13371019843101062,0.7966239576977832,4076,0.47023534840793724
W18_C0.4_Rt12_q0.95_k2.5,18,0.4,432,12.0,0.95,2.5,670,2527,893,4578,0.07729580064605446,0.2915320719889248,0.10302261190586064,0.5281495154591601,615,0.07095062298107983,0.902502157031924,4090,0.4718504845408399
W18_C0.4_Rt12_q0.95_k3,18,0.4,432,12.0,0.95,3.0,670,2527,893,4578,0.07729580064605446,0.2915320719889248,0.10302261190586064,0.5281495154591601,615,0.07095062298107983,0.902502157031924,4090,0.4718504845408399
W18_C0.4_Rt12_q0.95_k3.5,18,0.4,432,12.0,0.95,3.5,670,2527,893,4578,0.07729580064605446,0.2915320719889248,0.10302261190586064,0.5281495154591601,615,0.07095062298107983,0.902502157031924,4090,0.4718504845408399
W18_C0.4_Rt12_q0.99_k2.5,18,0.4,432,12.0,0.99,2.5,670,1792,1485,4721,0.07729580064605446,0.2067374250115367,0.1713197969543147,0.5446469773880941,1544,0.17812644208583295,0.7326502996327083,3947,0.4553530226119059
W18_C0.4_Rt12_q0.99_k3,18,0.4,432,12.0,0.99,3.0,670,1792,1485,4721,0.07729580064605446,0.2067374250115367,0.1713197969543147,0.5446469773880941,1544,0.17812644208583295,0.7326502996327083,3947,0.4553530226119059
W18_C0.4_Rt12_q0.99_k3.5,18,0.4,432,12.0,0.99,3.5,670,1792,1485,4721,0.07729580064605446,0.2067374250115367,0.1713197969543147,0.5446469773880941,1544,0.17812644208583295,0.7326502996327083,3947,0.4553530226119059
W18_C0.5_Rt8_q0.9_k2.5,18,0.5,540,8.0,0.9,2.5,798,2835,731,4304,0.09206275957544993,0.32706506691278264,0.08433317951084449,0.49653899400092294,841,0.09702353484079372,0.8426045709357481,4364,0.5034610059990771
W18_C0.5_Rt8_q0.9_k3,18,0.5,540,8.0,0.9,3.0,798,2835,731,4304,0.09206275957544993,0.32706506691278264,0.08433317951084449,0.49653899400092294,841,0.09702353484079372,0.8426045709357481,4364,0.5034610059990771
W18_C0.5_Rt8_q0.9_k3.5,18,0.5,540,8.0,0.9,3.5,798,2835,731,4304,0.09206275957544993,0.32706506691278264,0.08433317951084449,0.49653899400092294,841,0.09702353484079372,0.8426045709357481,4364,0.5034610059990771
W18_C0.5_Rt8_q0.95_k2.5,18,0.5,540,8.0,0.95,2.5,798,2487,1024,4359,0.09206275957544993,0.2869173973234887,0.11813567143516382,0.5028841716658976,421,0.048569450853714814,0.9315068493150684,4309,0.4971158283341024
W18_C0.5_Rt8_q0.95_k3,18,0.5,540,8.0,0.95,3.0,798,2487,1024,4359,0.09206275957544993,0.2869173973234887,0.11813567143516382,0.5028841716658976,421,0.048569450853714814,0.9315068493150684,4309,0.4971158283341024
W18_C0.5_Rt8_q0.95_k3.5,18,0.5,540,8.0,0.95,3.5,798,2487,1024,4359,0.09206275957544993,0.2869173973234887,0.11813567143516382,0.5028841716658976,421,0.048569450853714814,0.9315068493150684,4309,0.4971158283341024
W18_C0.5_Rt8_q0.99_k2.5,18,0.5,540,8.0,0.99,2.5,798,1765,1746,4359,0.09206275957544993,0.20362251961236733,0.2014305491462852,0.5028841716658976,1692,0.19520073834794646,0.6907804206801651,4309,0.4971158283341024
W18_C0.5_Rt8_q0.99_k3,18,0.5,540,8.0,0.99,3.0,798,1765,1746,4359,0.09206275957544993,0.20362251961236733,0.2014305491462852,0.5028841716658976,1692,0.19520073834794646,0.6907804206801651,4309,0.4971158283341024
W18_C0.5_Rt8_q0.99_k3.5,18,0.5,540,8.0,0.99,3.5,798,1765,1746,4359,0.09206275957544993,0.20362251961236733,0.2014305491462852,0.5028841716658976,1692,0.19520073834794646,0.6907804206801651,4309,0.4971158283341024
W18_C0.5_Rt9.5_q0.9_k2.5,18,0.5,540,9.5,0.9,2.5,798,2835,656,4379,0.09206275957544993,0.32706506691278264,0.07568066451315182,0.5051915089986156,903,0.10417628057221966,0.8311384876805438,4289,0.49480849100138435
W18_C0.5_Rt9.5_q0.9_k3,18,0.5,540,9.5,0.9,3.0,798,2835,656,4379,0.09206275957544993,0.32706506691278264,0.07568066451315182,0.5051915089986156,903,0.10417628057221966,0.8311384876805438,4289,0.49480849100138435
W18_C0.5_Rt9.5_q0.9_k3.5,18,0.5,540,9.5,0.9,3.5,798,2835,656,4379,0.09206275957544993,0.32706506691278264,0.07568066451315182,0.5051915089986156,903,0.10417628057221966,0.8311384876805438,4289,0.49480849100138435
W18_C0.5_Rt9.5_q0.95_k2.5,18,0.5,540,9.5,0.95,2.5,798,2487,983,4400,0.09206275957544993,0.2869173973234887,0.11340562990309183,0.5076142131979695,415,0.0478772496538994,0.9329009170208007,4268,0.4923857868020305
W18_C0.5_Rt9.5_q0.95_k3,18,0.5,540,9.5,0.95,3.0,798,2487,983,4400,0.09206275957544993,0.2869173973234887,0.11340562990309183,0.5076142131979695,415,0.0478772496538994,0.9329009170208007,4268,0.4923857868020305
W18_C0.5_Rt9.5_q0.95_k3.5,18,0.5,540,9.5,0.95,3.5,798,2487,983,4400,0.09206275957544993,0.2869173973234887,0.11340562990309183,0.5076142131979695,415,0.0478772496538994,0.9329009170208007,4268,0.4923857868020305
W18_C0.5_Rt9.5_q0.99_k2.5,18,0.5,540,9.5,0.99,2.5,798,1765,1541,4564,0.09206275957544993,0.20362251961236733,0.17778034148592525,0.5265343793262575,1492,0.17212736502076603,0.7293794186959938,4104,0.47346562067374254
W18_C0.5_Rt9.5_q0.99_k3,18,0.5,540,9.5,0.99,3.0,798,1765,1541,4564,0.09206275957544993,0.20362251961236733,0.17778034148592525,0.5265343793262575,1492,0.17212736502076603,0.7293794186959938,4104,0.47346562067374254
W18_C0.5_Rt9.5_q0.99_k3.5,18,0.5,540,9.5,0.99,3.5,798,1765,1541,4564,0.09206275957544993,0.20362251961236733,0.17778034148592525,0.5265343793262575,1492,0.17212736502076603,0.7293794186959938,4104,0.47346562067374254
W18_C0.5_Rt10_q0.9_k2.5,18,0.5,540,10.0,0.9,2.5,798,2835,623,4412,0.09206275957544993,0.32706506691278264,0.07187355791416705,0.5089986155976004,933,0.10763728657129672,0.8257383966244726,4256,0.4910013844023996
W18_C0.5_Rt10_q0.9_k3,18,0.5,540,10.0,0.9,3.0,798,2835,623,4412,0.09206275957544993,0.32706506691278264,0.07187355791416705,0.5089986155976004,933,0.10763728657129672,0.8257383966244726,4256,0.4910013844023996
W18_C0.5_Rt10_q0.9_k3.5,18,0.5,540,10.0,0.9,3.5,798,2835,623,4412,0.09206275957544993,0.32706506691278264,0.07187355791416705,0.5089986155976004,933,0.10763728657129672,0.8257383966244726,4256,0.4910013844023996
W18_C0.5_Rt10_q0.95_k2.5,18,0.5,540,10.0,0.95,2.5,798,2487,962,4421,0.09206275957544993,0.2869173973234887,0.11098292570373788,0.5100369173973235,432,0.049838486386709735,0.9293986636971047,4247,0.4899630826026765
W18_C0.5_Rt10_q0.95_k3,18,0.5,540,10.0,0.95,3.0,798,2487,962,4421,0.09206275957544993,0.2869173973234887,0.11098292570373788,0.5100369173973235,432,0.049838486386709735,0.9293986636971047,4247,0.4899630826026765
W18_C0.5_Rt10_q0.95_k3.5,18,0.5,540,10.0,0.95,3.5,798,2487,962,4421,0.09206275957544993,0.2869173973234887,0.11098292570373788,0.5100369173973235,432,0.049838486386709735,0.9293986636971047,4247,0.4899630826026765
W18_C0.5_Rt10_q0.99_k2.5,18,0.5,540,10.0,0.99,2.5,798,1765,1516,4589,0.09206275957544993,0.20362251961236733,0.17489616982002767,0.5294185509921551,1469,0.1694739270881403,0.7336081664703573,4079,0.47058144900784493
W18_C0.5_Rt10_q0.99_k3,18,0.5,540,10.0,0.99,3.0,798,1765,1516,4589,0.09206275957544993,0.20362251961236733,0.17489616982002767,0.5294185509921551,1469,0.1694739270881403,0.7336081664703573,4079,0.47058144900784493
W18_C0.5_Rt10_q0.99_k3.5,18,0.5,540,10.0,0.99,3.5,798,1765,1516,4589,0.09206275957544993,0.20362251961236733,0.17489616982002767,0.5294185509921551,1469,0.1694739270881403,0.7336081664703573,4079,0.47058144900784493
W18_C0.5_Rt10.5_q0.9_k2.5,18,0.5,540,10.5,0.9,2.5,798,2835,596,4439,0.09206275957544993,0.32706506691278264,0.06875865251499769,0.5121135209967698,960,0.11075219197046608,0.8210614642332704,4229,0.48788647900323023
W18_C0.5_Rt10.5_q0.9_k3,18,0.5,540,10.5,0.9,3.0,798,2835,596,4439,0.09206275957544993,0.32706506691278264,0.06875865251499769,0.5121135209967698,960,0.11075219197046608,0.8210614642332704,4229,0.48788647900323023
W18_C0.5_Rt10.5_q0.9_k3.5,18,0.5,540,10.5,0.9,3.5,798,2835,596,4439,0.09206275957544993,0.32706506691278264,0.06875865251499769,0.5121135209967698,960,0.11075219197046608,0.8210614642332704,4229,0.48788647900323023
W18_C0.5_Rt10.5_q0.95_k2.5,18,0.5,540,10.5,0.95,2.5,798,2487,943,4440,0.09206275957544993,0.2869173973234887,0.10879095523765575,0.5122288878634056,445,0.051338255652976464,0.9267643142476698,4228,0.4877711121365944
W18_C0.5_Rt10.5_q0.95_k3,18,0.5,540,10.5,0.95,3.0,798,2487,943,4440,0.09206275957544993,0.2869173973234887,0.10879095523765575,0.5122288878634056,445,0.051338255652976464,0.9267643142476698,4228,0.4877711121365944
W18_C0.5_Rt10.5_q0.95_k3.5,18,0.5,540,10.5,0.95,3.5,798,2487,943,4440,0.09206275957544993,0.2869173973234887,0.10879095523765575,0.5122288878634056,445,0.051338255652976464,0.9267643142476698,4228,0.4877711121365944
W18_C0.5_Rt10.5_q0.99_k2.5,18,0.5,540,10.5,0.99,2.5,798,1765,1500,4605,0.09206275957544993,0.20362251961236733,0.17305029995385326,0.5312644208583295,1456,0.16797415782187355,0.7357268981753973,4063,0.4687355791416705
W18_C0.5_Rt10.5_q0.99_k3,18,0.5,540,10.5,0.99,3.0,798,1765,1500,4605,0.09206275957544993,0.20362251961236733,0.17305029995385326,0.5312644208583295,1456,0.16797415782187355,0.7357268981753973,4063,0.4687355791416705
W18_C0.5_Rt10.5_q0.99_k3.5,18,0.5,540,10.5,0.99,3.5,798,1765,1500,4605,0.09206275957544993,0.20362251961236733,0.17305029995385326,0.5312644208583295,1456,0.16797415782187355,0.7357268981753973,4063,0.4687355791416705
W18_C0.5_Rt12_q0.9_k2.5,18,0.5,540,12.0,0.9,2.5,798,2835,519,4516,0.09206275957544993,0.32706506691278264,0.05987540378403323,0.5209967697277342,1031,0.11894323950161513,0.8091303449700475,4152,0.47900323027226577
W18_C0.5_Rt12_q0.9_k3,18,0.5,540,12.0,0.9,3.0,798,2835,519,4516,0.09206275957544993,0.32706506691278264,0.05987540378403323,0.5209967697277342,1031,0.11894323950161513,0.8091303449700475,4152,0.47900323027226577
W18_C0.5_Rt12_q0.9_k3.5,18,0.5,540,12.0,0.9,3.5,798,2835,519,4516,0.09206275957544993,0.32706506691278264,0.05987540378403323,0.5209967697277342,1031,0.11894323950161513,0.8091303449700475,4152,0.47900323027226577
W18_C0.5_Rt12_q0.95_k2.5,18,0.5,540,12.0,0.95,2.5,798,2487,879,4504,0.09206275957544993,0.2869173973234887,0.101407475772958,0.5196123673281033,487,0.05618366405168436,0.9171416045594037,4164,0.48038763267189666
W18_C0.5_Rt12_q0.95_k3,18,0.5,540,12.0,0.95,3.0,798,2487,879,4504,0.09206275957544993,0.2869173973234887,0.101407475772958,0.5196123673281033,487,0.05618366405168436,0.9171416045594037,4164,0.48038763267189666
W18_C0.5_Rt12_q0.95_k3.5,18,0.5,540,12.0,0.95,3.5,798,2487,879,4504,0.09206275957544993,0.2869173973234887,0.101407475772958,0.5196123673281033,487,0.05618366405168436,0.9171416045594037,4164,0.48038763267189666
W18_C0.5_Rt12_q0.99_k2.5,18,0.5,540,12.0,0.99,2.5,798,1765,1457,4648,0.09206275957544993,0.20362251961236733,0.16808952468850946,0.5362251961236733,1416,0.16335948315643747,0.7431372549019608,4020,0.46377480387632675
W18_C0.5_Rt12_q0.99_k3,18,0.5,540,12.0,0.99,3.0,798,1765,1457,4648,0.09206275957544993,0.20362251961236733,0.16808952468850946,0.5362251961236733,1416,0.16335948315643747,0.7431372549019608,4020,0.46377480387632675
W18_C0.5_Rt12_q0.99_k3.5,18,0.5,540,12.0,0.99,3.5,798,1765,1457,4648,0.09206275957544993,0.20362251961236733,0.16808952468850946,0.5362251961236733,1416,0.16335948315643747,0.7431372549019608,4020,0.46377480387632675
W18_C0.6_Rt8_q0.9_k2.5,18,0.6,648,8.0,0.9,2.5,962,2783,713,4210,0.11098292570373788,0.3210659898477157,0.08225657591139825,0.48569450853714813,677,0.07810336871250577,0.8600352112676056,4458,0.5143054914628519
W18_C0.6_Rt8_q0.9_k3,18,0.6,648,8.0,0.9,3.0,962,2783,713,4210,0.11098292570373788,0.3210659898477157,0.08225657591139825,0.48569450853714813,677,0.07810336871250577,0.8600352112676056,4458,0.5143054914628519
W18_C0.6_Rt8_q0.9_k3.5,18,0.6,648,8.0,0.9,3.5,962,2783,713,4210,0.11098292570373788,0.3210659898477157,0.08225657591139825,0.48569450853714813,677,0.07810336871250577,0.8600352112676056,4458,0.5143054914628519
W18_C0.6_Rt8_q0.95_k2.5,18,0.6,648,8.0,0.95,2.5,962,2439,997,4270,0.11098292570373788,0.2813797877249654,0.11502076603599447,0.49261652053530225,257,0.02964928472542686,0.9505041246562786,4398,0.5073834794646978
W18_C0.6_Rt8_q0.95_k3,18,0.6,648,8.0,0.95,3.0,962,2439,997,4270,0.11098292570373788,0.2813797877249654,0.11502076603599447,0.49261652053530225,257,0.02964928472542686,0.9505041246562786,4398,0.5073834794646978
W18_C0.6_Rt8_q0.95_k3.5,18,0.6,648,8.0,0.95,3.5,962,2439,997,4270,0.11098292570373788,0.2813797877249654,0.11502076603599447,0.49261652053530225,257,0.02964928472542686,0.9505041246562786,4398,0.5073834794646978
W18_C0.6_Rt8_q0.99_k2.5,18,0.6,648,8.0,0.99,2.5,962,1735,1699,4272,0.11098292570373788,0.20016151361329027,0.1960083064143978,0.49284725426857406,1528,0.1762805722196585,0.7028,4396,0.507152745731426
W18_C0.6_Rt8_q0.99_k3,18,0.6,648,8.0,0.99,3.0,962,1735,1699,4272,0.11098292570373788,0.20016151361329027,0.1960083064143978,0.49284725426857406,1528,0.1762805722196585,0.7028,4396,0.507152745731426
W18_C0.6_Rt8_q0.99_k3.5,18,0.6,648,8.0,0.99,3.5,962,1735,1699,4272,0.11098292570373788,0.20016151361329027,0.1960083064143978,0.49284725426857406,1528,0.1762805722196585,0.7028,4396,0.507152745731426
W18_C0.6_Rt9.5_q0.9_k2.5,18,0.6,648,9.5,0.9,2.5,962,2783,640,4283,0.11098292570373788,0.3210659898477157,0.07383479464697738,0.49411628980156896,739,0.0852561144439317,0.848438855160451,4385,0.505883710198431
W18_C0.6_Rt9.5_q0.9_k3,18,0.6,648,9.5,0.9,3.0,962,2783,640,4283,0.11098292570373788,0.3210659898477157,0.07383479464697738,0.49411628980156896,739,0.0852561144439317,0.848438855160451,4385,0.505883710198431
W18_C0.6_Rt9.5_q0.9_k3.5,18,0.6,648,9.5,0.9,3.5,962,2783,640,4283,0.11098292570373788,0.3210659898477157,0.07383479464697738,0.49411628980156896,739,0.0852561144439317,0.848438855160451,4385,0.505883710198431
W18_C0.6_Rt9.5_q0.95_k2.5,18,0.6,648,9.5,0.95,2.5,962,2439,957,4310,0.11098292570373788,0.2813797877249654,0.11040609137055837,0.49723119520073833,251,0.028957083525611445,0.9520657384158868,4358,0.5027688047992617
W18_C0.6_Rt9.5_q0.95_k3,18,0.6,648,9.5,0.95,3.0,962,2439,957,4310,0.11098292570373788,0.2813797877249654,0.11040609137055837,0.49723119520073833,251,0.028957083525611445,0.9520657384158868,4358,0.5027688047992617
W18_C0.6_Rt9.5_q0.95_k3.5,18,0.6,648,9.5,0.95,3.5,962,2439,957,4310,0.11098292570373788,0.2813797877249654,0.11040609137055837,0.49723119520073833,251,0.028957083525611445,0.9520657384158868,4358,0.5027688047992617
W18_C0.6_Rt9.5_q0.99_k2.5,18,0.6,648,9.5,0.99,2.5,962,1735,1496,4475,0.11098292570373788,0.20016151361329027,0.17258883248730963,0.5162667281956622,1328,0.15320719889247808,0.7423545872476514,4193,0.4837332718043378
W18_C0.6_Rt9.5_q0.99_k3,18,0.6,648,9.5,0.99,3.0,962,1735,1496,4475,0.11098292570373788,0.20016151361329027,0.17258883248730963,0.5162667281956622,1328,0.15320719889247808,0.7423545872476514,4193,0.4837332718043378
W18_C0.6_Rt9.5_q0.99_k3.5,18,0.6,648,9.5,0.99,3.5,962,1735,1496,4475,0.11098292570373788,0.20016151361329027,0.17258883248730963,0.5162667281956622,1328,0.15320719889247808,0.7423545872476514,4193,0.4837332718043378
W18_C0.6_Rt10_q0.9_k2.5,18,0.6,648,10.0,0.9,2.5,962,2783,608,4315,0.11098292570373788,0.3210659898477157,0.07014305491462852,0.49780802953391784,769,0.08871712044300877,0.8429894464785699,4353,0.5021919704660822
W18_C0.6_Rt10_q0.9_k3,18,0.6,648,10.0,0.9,3.0,962,2783,608,4315,0.11098292570373788,0.3210659898477157,0.07014305491462852,0.49780802953391784,769,0.08871712044300877,0.8429894464785699,4353,0.5021919704660822
W18_C0.6_Rt10_q0.9_k3.5,18,0.6,648,10.0,0.9,3.5,962,2783,608,4315,0.11098292570373788,0.3210659898477157,0.07014305491462852,0.49780802953391784,769,0.08871712044300877,0.8429894464785699,4353,0.5021919704660822
W18_C0.6_Rt10_q0.95_k2.5,18,0.6,648,10.0,0.95,2.5,962,2439,936,4331,0.11098292570373788,0.2813797877249654,0.10798338717120443,0.4996538994000923,268,0.03091832025842178,0.9484090909090909,4337,0.5003461005999077
W18_C0.6_Rt10_q0.95_k3,18,0.6,648,10.0,0.95,3.0,962,2439,936,4331,0.11098292570373788,0.2813797877249654,0.10798338717120443,0.4996538994000923,268,0.03091832025842178,0.9484090909090909,4337,0.5003461005999077
W18_C0.6_Rt10_q0.95_k3.5,18,0.6,648,10.0,0.95,3.5,962,2439,936,4331,0.11098292570373788,0.2813797877249654,0.10798338717120443,0.4996538994000923,268,0.03091832025842178,0.9484090909090909,4337,0.5003461005999077
W18_C0.6_Rt10_q0.99_k2.5,18,0.6,648,10.0,0.99,2.5,962,1735,1473,4498,0.11098292570373788,0.20016151361329027,0.1699353945546839,0.518920166128288,1305,0.15055376095985232,0.7469518289026584,4170,0.48107983387171205
W18_C0.6_Rt10_q0.99_k3,18,0.6,648,10.0,0.99,3.0,962,1735,1473,4498,0.11098292570373788,0.20016151361329027,0.1699353945546839,0.518920166128288,1305,0.15055376095985232,0.7469518289026584,4170,0.48107983387171205
W18_C0.6_Rt10_q0.99_k3.5,18,0.6,648,10.0,0.99,3.5,962,1735,1473,4498,0.11098292570373788,0.20016151361329027,0.1699353945546839,0.518920166128288,1305,0.15055376095985232,0.7469518289026584,4170,0.48107983387171205
W18_C0.6_Rt10.5_q0.9_k2.5,18,0.6,648,10.5,0.9,2.5,962,2783,581,4342,0.11098292570373788,0.3210659898477157,0.06702814951545916,0.5009229349330873,796,0.09183202584217813,0.8381156316916488,4326,0.49907706506691274
W18_C0.6_Rt10.5_q0.9_k3,18,0.6,648,10.5,0.9,3.0,962,2783,581,4342,0.11098292570373788,0.3210659898477157,0.06702814951545916,0.5009229349330873,796,0.09183202584217813,0.8381156316916488,4326,0.49907706506691274
W18_C0.6_Rt10.5_q0.9_k3.5,18,0.6,648,10.5,0.9,3.5,962,2783,581,4342,0.11098292570373788,0.3210659898477157,0.06702814951545916,0.5009229349330873,796,0.09183202584217813,0.8381156316916488,4326,0.49907706506691274
W18_C0.6_Rt10.5_q0.95_k2.5,18,0.6,648,10.5,0.95,2.5,962,2439,917,4350,0.11098292570373788,0.2813797877249654,0.1057914167051223,0.5018458698661744,281,0.03241808952468851,0.9456521739130435,4318,0.4981541301338256
W18_C0.6_Rt10.5_q0.95_k3,18,0.6,648,10.5,0.95,3.0,962,2439,917,4350,0.11098292570373788,0.2813797877249654,0.1057914167051223,0.5018458698661744,281,0.03241808952468851,0.9456521739130435,4318,0.4981541301338256
W18_C0.6_Rt10.5_q0.95_k3.5,18,0.6,648,10.5,0.95,3.5,962,2439,917,4350,0.11098292570373788,0.2813797877249654,0.1057914167051223,0.5018458698661744,281,0.03241808952468851,0.9456521739130435,4318,0.4981541301338256
W18_C0.6_Rt10.5_q0.99_k2.5,18,0.6,648,10.5,0.99,2.5,962,1735,1458,4513,0.11098292570373788,0.20016151361329027,0.16820489155514537,0.5206506691278265,1292,0.1490539916935856,0.7492507492507493,4155,0.47934933087217346
W18_C0.6_Rt10.5_q0.99_k3,18,0.6,648,10.5,0.99,3.0,962,1735,1458,4513,0.11098292570373788,0.20016151361329027,0.16820489155514537,0.5206506691278265,1292,0.1490539916935856,0.7492507492507493,4155,0.47934933087217346
W18_C0.6_Rt10.5_q0.99_k3.5,18,0.6,648,10.5,0.99,3.5,962,1735,1458,4513,0.11098292570373788,0.20016151361329027,0.16820489155514537,0.5206506691278265,1292,0.1490539916935856,0.7492507492507493,4155,0.47934933087217346
W18_C0.6_Rt12_q0.9_k2.5,18,0.6,648,12.0,0.9,2.5,962,2783,504,4419,0.11098292570373788,0.3210659898477157,0.05814490078449469,0.5098061836640517,867,0.10002307337332718,0.8256745362563238,4249,0.4901938163359483
W18_C0.6_Rt12_q0.9_k3,18,0.6,648,12.0,0.9,3.0,962,2783,504,4419,0.11098292570373788,0.3210659898477157,0.05814490078449469,0.5098061836640517,867,0.10002307337332718,0.8256745362563238,4249,0.4901938163359483
W18_C0.6_Rt12_q0.9_k3.5,18,0.6,648,12.0,0.9,3.5,962,2783,504,4419,0.11098292570373788,0.3210659898477157,0.05814490078449469,0.5098061836640517,867,0.10002307337332718,0.8256745362563238,4249,0.4901938163359483
W18_C0.6_Rt12_q0.95_k2.5,18,0.6,648,12.0,0.95,2.5,962,2439,857,4410,0.11098292570373788,0.2813797877249654,0.09886940470696816,0.5087678818643285,323,0.0372634979233964,0.936436884512086,4258,0.49123211813567147
W18_C0.6_Rt12_q0.95_k3,18,0.6,648,12.0,0.95,3.0,962,2439,857,4410,0.11098292570373788,0.2813797877249654,0.09886940470696816,0.5087678818643285,323,0.0372634979233964,0.936436884512086,4258,0.49123211813567147
W18_C0.6_Rt12_q0.95_k3.5,18,0.6,648,12.0,0.95,3.5,962,2439,857,4410,0.11098292570373788,0.2813797877249654,0.09886940470696816,0.5087678818643285,323,0.0372634979233964,0.936436884512086,4258,0.49123211813567147
W18_C0.6_Rt12_q0.99_k2.5,18,0.6,648,12.0,0.99,2.5,962,1735,1417,4554,0.11098292570373788,0.20016151361329027,0.16347485002307338,0.5253807106598984,1252,0.14443931702814952,0.7570914902117459,4114,0.47461928934010156
W18_C0.6_Rt12_q0.99_k3,18,0.6,648,12.0,0.99,3.0,962,1735,1417,4554,0.11098292570373788,0.20016151361329027,0.16347485002307338,0.5253807106598984,1252,0.14443931702814952,0.7570914902117459,4114,0.47461928934010156
W18_C0.6_Rt12_q0.99_k3.5,18,0.6,648,12.0,0.99,3.5,962,1735,1417,4554,0.11098292570373788,0.20016151361329027,0.16347485002307338,0.5253807106598984,1252,0.14443931702814952,0.7570914902117459,4114,0.47461928934010156
W18_C0.75_Rt8_q0.9_k2.5,18,0.75,810,8.0,0.9,2.5,1229,2687,688,4064,0.14178587909552376,0.3099907706506691,0.0793724042455007,0.4688509460083064,755,0.08710198431010614,0.8490650044523598,4604,0.5311490539916937
W18_C0.75_Rt8_q0.9_k3,18,0.75,810,8.0,0.9,3.0,1229,2687,688,4064,0.14178587909552376,0.3099907706506691,0.0793724042455007,0.4688509460083064,755,0.08710198431010614,0.8490650044523598,4604,0.5311490539916937
W18_C0.75_Rt8_q0.9_k3.5,18,0.75,810,8.0,0.9,3.5,1229,2687,688,4064,0.14178587909552376,0.3099907706506691,0.0793724042455007,0.4688509460083064,755,0.08710198431010614,0.8490650044523598,4604,0.5311490539916937
W18_C0.75_Rt8_q0.95_k2.5,18,0.75,810,8.0,0.95,2.5,1229,2350,968,4121,0.14178587909552376,0.2711121365943701,0.1116751269035533,0.4754268574065528,340,0.03922473465620674,0.9390215627173661,4547,0.5245731425934472
W18_C0.75_Rt8_q0.95_k3,18,0.75,810,8.0,0.95,3.0,1229,2350,968,4121,0.14178587909552376,0.2711121365943701,0.1116751269035533,0.4754268574065528,340,0.03922473465620674,0.9390215627173661,4547,0.5245731425934472
W18_C0.75_Rt8_q0.95_k3.5,18,0.75,810,8.0,0.95,3.5,1229,2350,968,4121,0.14178587909552376,0.2711121365943701,0.1116751269035533,0.4754268574065528,340,0.03922473465620674,0.9390215627173661,4547,0.5245731425934472
W18_C0.75_Rt8_q0.99_k2.5,18,0.75,810,8.0,0.99,2.5,1229,1687,1630,4122,0.14178587909552376,0.19462390401476695,0.18804799261652053,0.47554222427318876,1557,0.1796262113520997,0.6993092238927265,4546,0.5244577757268112
W18_C0.75_Rt8_q0.99_k3,18,0.75,810,8.0,0.99,3.0,1229,1687,1630,4122,0.14178587909552376,0.19462390401476695,0.18804799261652053,0.47554222427318876,1557,0.1796262113520997,0.6993092238927265,4546,0.5244577757268112
W18_C0.75_Rt8_q0.99_k3.5,18,0.75,810,8.0,0.99,3.5,1229,1687,1630,4122,0.14178587909552376,0.19462390401476695,0.18804799261652053,0.47554222427318876,1557,0.1796262113520997,0.6993092238927265,4546,0.5244577757268112
W18_C0.75_Rt9.5_q0.9_k2.5,18,0.75,810,9.5,0.9,2.5,1229,2687,618,4134,0.14178587909552376,0.3099907706506691,0.07129672358098754,0.47692662667281954,815,0.09402399630826026,0.8380513495720869,4534,0.5230733733271804
W18_C0.75_Rt9.5_q0.9_k3,18,0.75,810,9.5,0.9,3.0,1229,2687,618,4134,0.14178587909552376,0.3099907706506691,0.07129672358098754,0.47692662667281954,815,0.09402399630826026,0.8380513495720869,4534,0.5230733733271804
W18_C0.75_Rt9.5_q0.9_k3.5,18,0.75,810,9.5,0.9,3.5,1229,2687,618,4134,0.14178587909552376,0.3099907706506691,0.07129672358098754,0.47692662667281954,815,0.09402399630826026,0.8380513495720869,4534,0.5230733733271804
W18_C0.75_Rt9.5_q0.95_k2.5,18,0.75,810,9.5,0.95,2.5,1229,2350,928,4161,0.14178587909552376,0.2711121365943701,0.1070604522381172,0.4800415320719889,334,0.03853253345639132,0.9406466512702079,4507,0.5199584679280111
W18_C0.75_Rt9.5_q0.95_k3,18,0.75,810,9.5,0.95,3.0,1229,2350,928,4161,0.14178587909552376,0.2711121365943701,0.1070604522381172,0.4800415320719889,334,0.03853253345639132,0.9406466512702079,4507,0.5199584679280111
W18_C0.75_Rt9.5_q0.95_k3.5,18,0.75,810,9.5,0.95,3.5,1229,2350,928,4161,0.14178587909552376,0.2711121365943701,0.1070604522381172,0.4800415320719889,334,0.03853253345639132,0.9406466512702079,4507,0.5199584679280111
W18_C0.75_Rt9.5_q0.99_k2.5,18,0.75,810,9.5,0.99,2.5,1229,1687,1433,4319,0.14178587909552376,0.19462390401476695,0.16532071988924782,0.49826949700046147,1360,0.15689893862482696,0.7393336042259244,4349,0.5017305029995385
W18_C0.75_Rt9.5_q0.99_k3,18,0.75,810,9.5,0.99,3.0,1229,1687,1433,4319,0.14178587909552376,0.19462390401476695,0.16532071988924782,0.49826949700046147,1360,0.15689893862482696,0.7393336042259244,4349,0.5017305029995385
W18_C0.75_Rt9.5_q0.99_k3.5,18,0.75,810,9.5,0.99,3.5,1229,1687,1433,4319,0.14178587909552376,0.19462390401476695,0.16532071988924782,0.49826949700046147,1360,0.15689893862482696,0.7393336042259244,4349,0.5017305029995385
W18_C0.75_Rt10_q0.9_k2.5,18,0.75,810,10.0,0.9,2.5,1229,2687,587,4165,0.14178587909552376,0.3099907706506691,0.06772035071527457,0.48050299953853254,844,0.09736963544070143,0.8327883148027033,4503,0.5194970004614674
W18_C0.75_Rt10_q0.9_k3,18,0.75,810,10.0,0.9,3.0,1229,2687,587,4165,0.14178587909552376,0.3099907706506691,0.06772035071527457,0.48050299953853254,844,0.09736963544070143,0.8327883148027033,4503,0.5194970004614674
W18_C0.75_Rt10_q0.9_k3.5,18,0.75,810,10.0,0.9,3.5,1229,2687,587,4165,0.14178587909552376,0.3099907706506691,0.06772035071527457,0.48050299953853254,844,0.09736963544070143,0.8327883148027033,4503,0.5194970004614674
W18_C0.75_Rt10_q0.95_k2.5,18,0.75,810,10.0,0.95,2.5,1229,2350,907,4182,0.14178587909552376,0.2711121365943701,0.10463774803876327,0.4824642362713429,351,0.04049377018920166,0.9369970108070821,4486,0.5175357637286571
W18_C0.75_Rt10_q0.95_k3,18,0.75,810,10.0,0.95,3.0,1229,2350,907,4182,0.14178587909552376,0.2711121365943701,0.10463774803876327,0.4824642362713429,351,0.04049377018920166,0.9369970108070821,4486,0.5175357637286571
W18_C0.75_Rt10_q0.95_k3.5,18,0.75,810,10.0,0.95,3.5,1229,2350,907,4182,0.14178587909552376,0.2711121365943701,0.10463774803876327,0.4824642362713429,351,0.04049377018920166,0.9369970108070821,4486,0.5175357637286571
W18_C0.75_Rt10_q0.99_k2.5,18,0.75,810,10.0,0.99,2.5,1229,1687,1411,4341,0.14178587909552376,0.19462390401476695,0.16278264882325796,0.5008075680664513,1338,0.1543608675588371,0.7438033319788704,4327,0.4991924319335487
W18_C0.75_Rt10_q0.99_k3,18,0.75,810,10.0,0.99,3.0,1229,1687,1411,4341,0.14178587909552376,0.19462390401476695,0.16278264882325796,0.5008075680664513,1338,0.1543608675588371,0.7438033319788704,4327,0.4991924319335487
W18_C0.75_Rt10_q0.99_k3.5,18,0.75,810,10.0,0.99,3.5,1229,1687,1411,4341,0.14178587909552376,0.19462390401476695,0.16278264882325796,0.5008075680664513,1338,0.1543608675588371,0.7438033319788704,4327,0.4991924319335487
W18_C0.75_Rt10.5_q0.9_k2.5,18,0.75,810,10.5,0.9,2.5,1229,2687,560,4192,0.14178587909552376,0.3099907706506691,0.06460544531610521,0.4836179049377019,871,0.1004845408398708,0.8279150411790204,4476,0.5163820950622982
W18_C0.75_Rt10.5_q0.9_k3,18,0.75,810,10.5,0.9,3.0,1229,2687,560,4192,0.14178587909552376,0.3099907706506691,0.06460544531610521,0.4836179049377019,871,0.1004845408398708,0.8279150411790204,4476,0.5163820950622982
W18_C0.75_Rt10.5_q0.9_k3.5,18,0.75,810,10.5,0.9,3.5,1229,2687,560,4192,0.14178587909552376,0.3099907706506691,0.06460544531610521,0.4836179049377019,871,0.1004845408398708,0.8279150411790204,4476,0.5163820950622982
W18_C0.75_Rt10.5_q0.95_k2.5,18,0.75,810,10.5,0.95,2.5,1229,2350,888,4201,0.14178587909552376,0.2711121365943701,0.10244577757268113,0.484656206737425,364,0.04199353945546839,0.9342497136311569,4467,0.5153437932625751
W18_C0.75_Rt10.5_q0.95_k3,18,0.75,810,10.5,0.95,3.0,1229,2350,888,4201,0.14178587909552376,0.2711121365943701,0.10244577757268113,0.484656206737425,364,0.04199353945546839,0.9342497136311569,4467,0.5153437932625751
W18_C0.75_Rt10.5_q0.95_k3.5,18,0.75,810,10.5,0.95,3.5,1229,2350,888,4201,0.14178587909552376,0.2711121365943701,0.10244577757268113,0.484656206737425,364,0.04199353945546839,0.9342497136311569,4467,0.5153437932625751
W18_C0.75_Rt10.5_q0.99_k2.5,18,0.75,810,10.5,0.99,2.5,1229,1687,1399,4353,0.14178587909552376,0.19462390401476695,0.16139824642362713,0.5021919704660821,1326,0.15297646515920627,0.746241365298659,4315,0.4978080295339179
W18_C0.75_Rt10.5_q0.99_k3,18,0.75,810,10.5,0.99,3.0,1229,1687,1399,4353,0.14178587909552376,0.19462390401476695,0.16139824642362713,0.5021919704660821,1326,0.15297646515920627,0.746241365298659,4315,0.4978080295339179
W18_C0.75_Rt10.5_q0.99_k3.5,18,0.75,810,10.5,0.99,3.5,1229,1687,1399,4353,0.14178587909552376,0.19462390401476695,0.16139824642362713,0.5021919704660821,1326,0.15297646515920627,0.746241365298659,4315,0.4978080295339179
W18_C0.75_Rt12_q0.9_k2.5,18,0.75,810,12.0,0.9,2.5,1229,2687,484,4268,0.14178587909552376,0.3099907706506691,0.05583756345177665,0.49238578680203043,941,0.10856022150438394,0.8156603371026243,4400,0.5076142131979695
W18_C0.75_Rt12_q0.9_k3,18,0.75,810,12.0,0.9,3.0,1229,2687,484,4268,0.14178587909552376,0.3099907706506691,0.05583756345177665,0.49238578680203043,941,0.10856022150438394,0.8156603371026243,4400,0.5076142131979695
W18_C0.75_Rt12_q0.9_k3.5,18,0.75,810,12.0,0.9,3.5,1229,2687,484,4268,0.14178587909552376,0.3099907706506691,0.05583756345177665,0.49238578680203043,941,0.10856022150438394,0.8156603371026243,4400,0.5076142131979695
W18_C0.75_Rt12_q0.95_k2.5,18,0.75,810,12.0,0.95,2.5,1229,2350,831,4258,0.14178587909552376,0.2711121365943701,0.0958698661744347,0.4912321181356714,405,0.046723580987540377,0.9256909832351609,4410,0.5087678818643286
W18_C0.75_Rt12_q0.95_k3,18,0.75,810,12.0,0.95,3.0,1229,2350,831,4258,0.14178587909552376,0.2711121365943701,0.0958698661744347,0.4912321181356714,405,0.046723580987540377,0.9256909832351609,4410,0.5087678818643286
W18_C0.75_Rt12_q0.95_k3.5,18,0.75,810,12.0,0.95,3.5,1229,2350,831,4258,0.14178587909552376,0.2711121365943701,0.0958698661744347,0.4912321181356714,405,0.046723580987540377,0.9256909832351609,4410,0.5087678818643286
W18_C0.75_Rt12_q0.99_k2.5,18,0.75,810,12.0,0.99,2.5,1229,1687,1362,4390,0.14178587909552376,0.19462390401476695,0.15712967235809874,0.5064605445316105,1289,0.1487078910936779,0.753758634701341,4278,0.4935394554683895
W18_C0.75_Rt12_q0.99_k3,18,0.75,810,12.0,0.99,3.0,1229,1687,1362,4390,0.14178587909552376,0.19462390401476695,0.15712967235809874,0.5064605445316105,1289,0.1487078910936779,0.753758634701341,4278,0.4935394554683895
W18_C0.75_Rt12_q0.99_k3.5,18,0.75,810,12.0,0.99,3.5,1229,1687,1362,4390,0.14178587909552376,0.19462390401476695,0.15712967235809874,0.5064605445316105,1289,0.1487078910936779,0.753758634701341,4278,0.4935394554683895
W24_C0.4_Rt8_q0.9_k2.5,24,0.4,576,8.0,0.9,2.5,858,2823,740,4247,0.09898477157360407,0.3256806645131518,0.0853714813105676,0.4899630826026765,750,0.08652514997692663,0.8547083242298449,4421,0.5100369173973235
W24_C0.4_Rt8_q0.9_k3,24,0.4,576,8.0,0.9,3.0,858,2823,740,4247,0.09898477157360407,0.3256806645131518,0.0853714813105676,0.4899630826026765,750,0.08652514997692663,0.8547083242298449,4421,0.5100369173973235
W24_C0.4_Rt8_q0.9_k3.5,24,0.4,576,8.0,0.9,3.5,858,2823,740,4247,0.09898477157360407,0.3256806645131518,0.0853714813105676,0.4899630826026765,750,0.08652514997692663,0.8547083242298449,4421,0.5100369173973235
W24_C0.4_Rt8_q0.95_k2.5,24,0.4,576,8.0,0.95,2.5,858,2487,1008,4315,0.09898477157360407,0.2869173973234887,0.11628980156898938,0.49780802953391784,232,0.0267651130595293,0.9666743277407492,4353,0.5021919704660822
W24_C0.4_Rt8_q0.95_k3,24,0.4,576,8.0,0.95,3.0,858,2487,1008,4315,0.09898477157360407,0.2869173973234887,0.11628980156898938,0.49780802953391784,232,0.0267651130595293,0.9666743277407492,4353,0.5021919704660822
W24_C0.4_Rt8_q0.95_k3.5,24,0.4,576,8.0,0.95,3.5,858,2487,1008,4315,0.09898477157360407,0.2869173973234887,0.11628980156898938,0.49780802953391784,232,0.0267651130595293,0.9666743277407492,4353,0.5021919704660822
W24_C0.4_Rt8_q0.99_k2.5,24,0.4,576,8.0,0.99,2.5,858,1675,1760,4375,0.09898477157360407,0.19323950161513614,0.20304568527918782,0.504730041532072,1743,0.20108444854637747,0.6780915287244401,4293,0.495269958467928
W24_C0.4_Rt8_q0.99_k3,24,0.4,576,8.0,0.99,3.0,858,1675,1760,4375,0.09898477157360407,0.19323950161513614,0.20304568527918782,0.504730041532072,1743,0.20108444854637747,0.6780915287244401,4293,0.495269958467928
W24_C0.4_Rt8_q0.99_k3.5,24,0.4,576,8.0,0.99,3.5,858,1675,1760,4375,0.09898477157360407,0.19323950161513614,0.20304568527918782,0.504730041532072,1743,0.20108444854637747,0.6780915287244401,4293,0.495269958467928
W24_C0.4_Rt9.5_q0.9_k2.5,24,0.4,576,9.5,0.9,2.5,858,2823,632,4355,0.09898477157360407,0.3256806645131518,0.07291185971389016,0.502422704199354,855,0.09863867097369636,0.8350053361792956,4313,0.497577295800646
W24_C0.4_Rt9.5_q0.9_k3,24,0.4,576,9.5,0.9,3.0,858,2823,632,4355,0.09898477157360407,0.3256806645131518,0.07291185971389016,0.502422704199354,855,0.09863867097369636,0.8350053361792956,4313,0.497577295800646
W24_C0.4_Rt9.5_q0.9_k3.5,24,0.4,576,9.5,0.9,3.5,858,2823,632,4355,0.09898477157360407,0.3256806645131518,0.07291185971389016,0.502422704199354,855,0.09863867097369636,0.8350053361792956,4313,0.497577295800646
W24_C0.4_Rt9.5_q0.95_k2.5,24,0.4,576,9.5,0.95,2.5,858,2487,981,4342,0.09898477157360407,0.2869173973234887,0.11317489616982003,0.5009229349330873,205,0.023650207660359943,0.9728797977476442,4326,0.49907706506691274
W24_C0.4_Rt9.5_q0.95_k3,24,0.4,576,9.5,0.95,3.0,858,2487,981,4342,0.09898477157360407,0.2869173973234887,0.11317489616982003,0.5009229349330873,205,0.023650207660359943,0.9728797977476442,4326,0.49907706506691274
W24_C0.4_Rt9.5_q0.95_k3.5,24,0.4,576,9.5,0.95,3.5,858,2487,981,4342,0.09898477157360407,0.2869173973234887,0.11317489616982003,0.5009229349330873,205,0.023650207660359943,0.9728797977476442,4326,0.49907706506691274
W24_C0.4_Rt9.5_q0.99_k2.5,24,0.4,576,9.5,0.99,2.5,858,1675,1545,4590,0.09898477157360407,0.19323950161513614,0.17824180895246886,0.529533917858791,1533,0.17685740655283802,0.7182879377431907,4078,0.470466082141209
W24_C0.4_Rt9.5_q0.99_k3,24,0.4,576,9.5,0.99,3.0,858,1675,1545,4590,0.09898477157360407,0.19323950161513614,0.17824180895246886,0.529533917858791,1533,0.17685740655283802,0.7182879377431907,4078,0.470466082141209
W24_C0.4_Rt9.5_q0.99_k3.5,24,0.4,576,9.5,0.99,3.5,858,1675,1545,4590,0.09898477157360407,0.19323950161513614,0.17824180895246886,0.529533917858791,1533,0.17685740655283802,0.7182879377431907,4078,0.470466082141209
W24_C0.4_Rt10_q0.9_k2.5,24,0.4,576,10.0,0.9,2.5,858,2823,593,4394,0.09898477157360407,0.3256806645131518,0.06841255191508999,0.5069220119981541,894,0.10313797877249654,0.8281117696867062,4274,0.4930779880018459
W24_C0.4_Rt10_q0.9_k3,24,0.4,576,10.0,0.9,3.0,858,2823,593,4394,0.09898477157360407,0.3256806645131518,0.06841255191508999,0.5069220119981541,894,0.10313797877249654,0.8281117696867062,4274,0.4930779880018459
W24_C0.4_Rt10_q0.9_k3.5,24,0.4,576,10.0,0.9,3.5,858,2823,593,4394,0.09898477157360407,0.3256806645131518,0.06841255191508999,0.5069220119981541,894,0.10313797877249654,0.8281117696867062,4274,0.4930779880018459
W24_C0.4_Rt10_q0.95_k2.5,24,0.4,576,10.0,0.95,2.5,858,2487,972,4351,0.09898477157360407,0.2869173973234887,0.1121365943700969,0.5019612367328103,196,0.022611905860636824,0.9749482877499426,4317,0.49803876326718965
W24_C0.4_Rt10_q0.95_k3,24,0.4,576,10.0,0.95,3.0,858,2487,972,4351,0.09898477157360407,0.2869173973234887,0.1121365943700969,0.5019612367328103,196,0.022611905860636824,0.9749482877499426,4317,0.49803876326718965
W24_C0.4_Rt10_q0.95_k3.5,24,0.4,576,10.0,0.95,3.5,858,2487,972,4351,0.09898477157360407,0.2869173973234887,0.1121365943700969,0.5019612367328103,196,0.022611905860636824,0.9749482877499426,4317,0.49803876326718965
W24_C0.4_Rt10_q0.99_k2.5,24,0.4,576,10.0,0.99,2.5,858,1675,1520,4615,0.09898477157360407,0.19323950161513614,0.1753576372865713,0.5324180895246885,1508,0.17397323488694047,0.7231517509727626,4053,0.4675819104753115
W24_C0.4_Rt10_q0.99_k3,24,0.4,576,10.0,0.99,3.0,858,1675,1520,4615,0.09898477157360407,0.19323950161513614,0.1753576372865713,0.5324180895246885,1508,0.17397323488694047,0.7231517509727626,4053,0.4675819104753115
W24_C0.4_Rt10_q0.99_k3.5,24,0.4,576,10.0,0.99,3.5,858,1675,1520,4615,0.09898477157360407,0.19323950161513614,0.1753576372865713,0.5324180895246885,1508,0.17397323488694047,0.7231517509727626,4053,0.4675819104753115
W24_C0.4_Rt10.5_q0.9_k2.5,24,0.4,576,10.5,0.9,2.5,858,2823,564,4423,0.09898477157360407,0.3256806645131518,0.06506691278264883,0.5102676511305952,923,0.1064836179049377,0.8230591205554386,4245,0.48973234886940475
W24_C0.4_Rt10.5_q0.9_k3,24,0.4,576,10.5,0.9,3.0,858,2823,564,4423,0.09898477157360407,0.3256806645131518,0.06506691278264883,0.5102676511305952,923,0.1064836179049377,0.8230591205554386,4245,0.48973234886940475
W24_C0.4_Rt10.5_q0.9_k3.5,24,0.4,576,10.5,0.9,3.5,858,2823,564,4423,0.09898477157360407,0.3256806645131518,0.06506691278264883,0.5102676511305952,923,0.1064836179049377,0.8230591205554386,4245,0.48973234886940475
W24_C0.4_Rt10.5_q0.95_k2.5,24,0.4,576,10.5,0.95,2.5,858,2487,953,4370,0.09898477157360407,0.2869173973234887,0.10994462390401477,0.5041532071988925,215,0.024803876326718967,0.9707093821510298,4298,0.49584679280110755
W24_C0.4_Rt10.5_q0.95_k3,24,0.4,576,10.5,0.95,3.0,858,2487,953,4370,0.09898477157360407,0.2869173973234887,0.10994462390401477,0.5041532071988925,215,0.024803876326718967,0.9707093821510298,4298,0.49584679280110755
W24_C0.4_Rt10.5_q0.95_k3.5,24,0.4,576,10.5,0.95,3.5,858,2487,953,4370,0.09898477157360407,0.2869173973234887,0.10994462390401477,0.5041532071988925,215,0.024803876326718967,0.9707093821510298,4298,0.49584679280110755
W24_C0.4_Rt10.5_q0.99_k2.5,24,0.4,576,10.5,0.99,2.5,858,1675,1510,4625,0.09898477157360407,0.19323950161513614,0.17420396862021229,0.5335717581910475,1501,0.17316566682048914,0.7240909974722924,4043,0.4664282418089525
W24_C0.4_Rt10.5_q0.99_k3,24,0.4,576,10.5,0.99,3.0,858,1675,1510,4625,0.09898477157360407,0.19323950161513614,0.17420396862021229,0.5335717581910475,1501,0.17316566682048914,0.7240909974722924,4043,0.4664282418089525
W24_C0.4_Rt10.5_q0.99_k3.5,24,0.4,576,10.5,0.99,3.5,858,1675,1510,4625,0.09898477157360407,0.19323950161513614,0.17420396862021229,0.5335717581910475,1501,0.17316566682048914,0.7240909974722924,4043,0.4664282418089525
W24_C0.4_Rt12_q0.9_k2.5,24,0.4,576,12.0,0.9,2.5,858,2823,490,4497,0.09898477157360407,0.3256806645131518,0.05652976465159206,0.518804799261652,997,0.11502076603599447,0.8104412678682411,4171,0.481195200738348
W24_C0.4_Rt12_q0.9_k3,24,0.4,576,12.0,0.9,3.0,858,2823,490,4497,0.09898477157360407,0.3256806645131518,0.05652976465159206,0.518804799261652,997,0.11502076603599447,0.8104412678682411,4171,0.481195200738348
W24_C0.4_Rt12_q0.9_k3.5,24,0.4,576,12.0,0.9,3.5,858,2823,490,4497,0.09898477157360407,0.3256806645131518,0.05652976465159206,0.518804799261652,997,0.11502076603599447,0.8104412678682411,4171,0.481195200738348
W24_C0.4_Rt12_q0.95_k2.5,24,0.4,576,12.0,0.95,2.5,858,2487,893,4430,0.09898477157360407,0.2869173973234887,0.10302261190586064,0.5110752191970466,270,0.031149053991693584,0.9575620767494357,4238,0.48892478080295343
W24_C0.4_Rt12_q0.95_k3,24,0.4,576,12.0,0.95,3.0,858,2487,893,4430,0.09898477157360407,0.2869173973234887,0.10302261190586064,0.5110752191970466,270,0.031149053991693584,0.9575620767494357,4238,0.48892478080295343
W24_C0.4_Rt12_q0.95_k3.5,24,0.4,576,12.0,0.95,3.5,858,2487,893,4430,0.09898477157360407,0.2869173973234887,0.10302261190586064,0.5110752191970466,270,0.031149053991693584,0.9575620767494357,4238,0.48892478080295343
W24_C0.4_Rt12_q0.99_k2.5,24,0.4,576,12.0,0.99,2.5,858,1675,1463,4672,0.09898477157360407,0.19323950161513614,0.16878172588832488,0.5389940009229349,1456,0.16797415782187355,0.7325558794946551,3996,0.4610059990770651
W24_C0.4_Rt12_q0.99_k3,24,0.4,576,12.0,0.99,3.0,858,1675,1463,4672,0.09898477157360407,0.19323950161513614,0.16878172588832488,0.5389940009229349,1456,0.16797415782187355,0.7325558794946551,3996,0.4610059990770651
W24_C0.4_Rt12_q0.99_k3.5,24,0.4,576,12.0,0.99,3.5,858,1675,1463,4672,0.09898477157360407,0.19323950161513614,0.16878172588832488,0.5389940009229349,1456,0.16797415782187355,0.7325558794946551,3996,0.4610059990770651
W24_C0.5_Rt8_q0.9_k2.5,24,0.5,720,8.0,0.9,2.5,1054,2754,724,4136,0.12159667743424088,0.31772035071527455,0.08352561144439317,0.47715736040609136,554,0.0639132441162898,0.8759516345723243,4532,0.5228426395939086
W24_C0.5_Rt8_q0.9_k3,24,0.5,720,8.0,0.9,3.0,1054,2754,724,4136,0.12159667743424088,0.31772035071527455,0.08352561144439317,0.47715736040609136,554,0.0639132441162898,0.8759516345723243,4532,0.5228426395939086
W24_C0.5_Rt8_q0.9_k3.5,24,0.5,720,8.0,0.9,3.5,1054,2754,724,4136,0.12159667743424088,0.31772035071527455,0.08352561144439317,0.47715736040609136,554,0.0639132441162898,0.8759516345723243,4532,0.5228426395939086
W24_C0.5_Rt8_q0.95_k2.5,24,0.5,720,8.0,0.95,2.5,1054,2424,984,4206,0.12159667743424088,0.2796492847254269,0.11352099676972774,0.4852330410706045,36,0.004153207198892478,0.9915134370579916,4462,0.5147669589293955
W24_C0.5_Rt8_q0.95_k3,24,0.5,720,8.0,0.95,3.0,1054,2424,984,4206,0.12159667743424088,0.2796492847254269,0.11352099676972774,0.4852330410706045,36,0.004153207198892478,0.9915134370579916,4462,0.5147669589293955
W24_C0.5_Rt8_q0.95_k3.5,24,0.5,720,8.0,0.95,3.5,1054,2424,984,4206,0.12159667743424088,0.2796492847254269,0.11352099676972774,0.4852330410706045,36,0.004153207198892478,0.9915134370579916,4462,0.5147669589293955
W24_C0.5_Rt8_q0.99_k2.5,24,0.5,720,8.0,0.99,2.5,1054,1637,1708,4269,0.12159667743424088,0.18885556068297185,0.1970466082141209,0.49250115366866637,1547,0.17847254268574064,0.6923841718035395,4399,0.5074988463313337
W24_C0.5_Rt8_q0.99_k3,24,0.5,720,8.0,0.99,3.0,1054,1637,1708,4269,0.12159667743424088,0.18885556068297185,0.1970466082141209,0.49250115366866637,1547,0.17847254268574064,0.6923841718035395,4399,0.5074988463313337
W24_C0.5_Rt8_q0.99_k3.5,24,0.5,720,8.0,0.99,3.5,1054,1637,1708,4269,0.12159667743424088,0.18885556068297185,0.1970466082141209,0.49250115366866637,1547,0.17847254268574064,0.6923841718035395,4399,0.5074988463313337
W24_C0.5_Rt9.5_q0.9_k2.5,24,0.5,720,9.5,0.9,2.5,1054,2754,619,4241,0.12159667743424088,0.31772035071527455,0.07141209044762344,0.4892708814028611,659,0.07602676511305953,0.8558302340844454,4427,0.5107291185971389
W24_C0.5_Rt9.5_q0.9_k3,24,0.5,720,9.5,0.9,3.0,1054,2754,619,4241,0.12159667743424088,0.31772035071527455,0.07141209044762344,0.4892708814028611,659,0.07602676511305953,0.8558302340844454,4427,0.5107291185971389
W24_C0.5_Rt9.5_q0.9_k3.5,24,0.5,720,9.5,0.9,3.5,1054,2754,619,4241,0.12159667743424088,0.31772035071527455,0.07141209044762344,0.4892708814028611,659,0.07602676511305953,0.8558302340844454,4427,0.5107291185971389
W24_C0.5_Rt9.5_q0.95_k2.5,24,0.5,720,9.5,0.95,2.5,1054,2424,957,4233,0.12159667743424088,0.2796492847254269,0.11040609137055837,0.48834794646977386,9,0.0010383017997231195,0.9978783592644979,4435,0.5116520535302261
W24_C0.5_Rt9.5_q0.95_k3,24,0.5,720,9.5,0.95,3.0,1054,2424,957,4233,0.12159667743424088,0.2796492847254269,0.11040609137055837,0.48834794646977386,9,0.0010383017997231195,0.9978783592644979,4435,0.5116520535302261
W24_C0.5_Rt9.5_q0.95_k3.5,24,0.5,720,9.5,0.95,3.5,1054,2424,957,4233,0.12159667743424088,0.2796492847254269,0.11040609137055837,0.48834794646977386,9,0.0010383017997231195,0.9978783592644979,4435,0.5116520535302261
W24_C0.5_Rt9.5_q0.99_k2.5,24,0.5,720,9.5,0.99,2.5,1054,1637,1498,4479,0.12159667743424088,0.18885556068297185,0.17281956622058145,0.5167281956622058,1337,0.1542455006922012,0.7341419765360907,4189,0.48327180433779415
W24_C0.5_Rt9.5_q0.99_k3,24,0.5,720,9.5,0.99,3.0,1054,1637,1498,4479,0.12159667743424088,0.18885556068297185,0.17281956622058145,0.5167281956622058,1337,0.1542455006922012,0.7341419765360907,4189,0.48327180433779415
W24_C0.5_Rt9.5_q0.99_k3.5,24,0.5,720,9.5,0.99,3.5,1054,1637,1498,4479,0.12159667743424088,0.18885556068297185,0.17281956622058145,0.5167281956622058,1337,0.1542455006922012,0.7341419765360907,4189,0.48327180433779415
W24_C0.5_Rt10_q0.9_k2.5,24,0.5,720,10.0,0.9,2.5,1054,2754,580,4280,0.12159667743424088,0.31772035071527455,0.06691278264882326,0.49377018920166127,698,0.08052607291185972,0.848590021691974,4388,0.5062298107983387
W24_C0.5_Rt10_q0.9_k3,24,0.5,720,10.0,0.9,3.0,1054,2754,580,4280,0.12159667743424088,0.31772035071527455,0.06691278264882326,0.49377018920166127,698,0.08052607291185972,0.848590021691974,4388,0.5062298107983387
W24_C0.5_Rt10_q0.9_k3.5,24,0.5,720,10.0,0.9,3.5,1054,2754,580,4280,0.12159667743424088,0.31772035071527455,0.06691278264882326,0.49377018920166127,698,0.08052607291185972,0.848590021691974,4388,0.5062298107983387
W24_C0.5_Rt10_q0.95_k2.5,24,0.5,720,10.0,0.95,2.5,1054,2424,948,4242,0.12159667743424088,0.2796492847254269,0.10936778957083526,0.489386248269497,0,0.0,1.0,4426,0.5106137517305029
W24_C0.5_Rt10_q0.95_k3,24,0.5,720,10.0,0.95,3.0,1054,2424,948,4242,0.12159667743424088,0.2796492847254269,0.10936778957083526,0.489386248269497,0,0.0,1.0,4426,0.5106137517305029
W24_C0.5_Rt10_q0.95_k3.5,24,0.5,720,10.0,0.95,3.5,1054,2424,948,4242,0.12159667743424088,0.2796492847254269,0.10936778957083526,0.489386248269497,0,0.0,1.0,4426,0.5106137517305029
W24_C0.5_Rt10_q0.99_k2.5,24,0.5,720,10.0,0.99,2.5,1054,1637,1473,4504,0.12159667743424088,0.18885556068297185,0.1699353945546839,0.5196123673281033,1312,0.15136132902630364,0.7391131437661563,4164,0.48038763267189666
W24_C0.5_Rt10_q0.99_k3,24,0.5,720,10.0,0.99,3.0,1054,1637,1473,4504,0.12159667743424088,0.18885556068297185,0.1699353945546839,0.5196123673281033,1312,0.15136132902630364,0.7391131437661563,4164,0.48038763267189666
W24_C0.5_Rt10_q0.99_k3.5,24,0.5,720,10.0,0.99,3.5,1054,1637,1473,4504,0.12159667743424088,0.18885556068297185,0.1699353945546839,0.5196123673281033,1312,0.15136132902630364,0.7391131437661563,4164,0.48038763267189666
W24_C0.5_Rt10.5_q0.9_k2.5,24,0.5,720,10.5,0.9,2.5,1054,2754,551,4309,0.12159667743424088,0.31772035071527455,0.0635671435163821,0.49711582833410245,727,0.08387171204430088,0.8432851907738736,4359,0.5028841716658976
W24_C0.5_Rt10.5_q0.9_k3,24,0.5,720,10.5,0.9,3.0,1054,2754,551,4309,0.12159667743424088,0.31772035071527455,0.0635671435163821,0.49711582833410245,727,0.08387171204430088,0.8432851907738736,4359,0.5028841716658976
W24_C0.5_Rt10.5_q0.9_k3.5,24,0.5,720,10.5,0.9,3.5,1054,2754,551,4309,0.12159667743424088,0.31772035071527455,0.0635671435163821,0.49711582833410245,727,0.08387171204430088,0.8432851907738736,4359,0.5028841716658976
W24_C0.5_Rt10.5_q0.95_k2.5,24,0.5,720,10.5,0.95,2.5,1054,2424,929,4261,0.12159667743424088,0.2796492847254269,0.10717581910475311,0.49157821873557916,19,0.0021919704660821413,0.9955409528279746,4407,0.5084217812644208
W24_C0.5_Rt10.5_q0.95_k3,24,0.5,720,10.5,0.95,3.0,1054,2424,929,4261,0.12159667743424088,0.2796492847254269,0.10717581910475311,0.49157821873557916,19,0.0021919704660821413,0.9955409528279746,4407,0.5084217812644208
W24_C0.5_Rt10.5_q0.95_k3.5,24,0.5,720,10.5,0.95,3.5,1054,2424,929,4261,0.12159667743424088,0.2796492847254269,0.10717581910475311,0.49157821873557916,19,0.0021919704660821413,0.9955409528279746,4407,0.5084217812644208
W24_C0.5_Rt10.5_q0.99_k2.5,24,0.5,720,10.5,0.99,2.5,1054,1637,1466,4511,0.12159667743424088,0.18885556068297185,0.16912782648823257,0.5204199353945547,1305,0.15055376095985232,0.7405050705905747,4157,0.47958006460544533
W24_C0.5_Rt10.5_q0.99_k3,24,0.5,720,10.5,0.99,3.0,1054,1637,1466,4511,0.12159667743424088,0.18885556068297185,0.16912782648823257,0.5204199353945547,1305,0.15055376095985232,0.7405050705905747,4157,0.47958006460544533
W24_C0.5_Rt10.5_q0.99_k3.5,24,0.5,720,10.5,0.99,3.5,1054,1637,1466,4511,0.12159667743424088,0.18885556068297185,0.16912782648823257,0.5204199353945547,1305,0.15055376095985232,0.7405050705905747,4157,0.47958006460544533
W24_C0.5_Rt12_q0.9_k2.5,24,0.5,720,12.0,0.9,2.5,1054,2754,477,4383,0.12159667743424088,0.31772035071527455,0.05502999538532533,0.5056529764651592,801,0.09240886017535764,0.83004455760662,4285,0.49434702353484083
W24_C0.5_Rt12_q0.9_k3,24,0.5,720,12.0,0.9,3.0,1054,2754,477,4383,0.12159667743424088,0.31772035071527455,0.05502999538532533,0.5056529764651592,801,0.09240886017535764,0.83004455760662,4285,0.49434702353484083
W24_C0.5_Rt12_q0.9_k3.5,24,0.5,720,12.0,0.9,3.5,1054,2754,477,4383,0.12159667743424088,0.31772035071527455,0.05502999538532533,0.5056529764651592,801,0.09240886017535764,0.83004455760662,4285,0.49434702353484083
W24_C0.5_Rt12_q0.95_k2.5,24,0.5,720,12.0,0.95,2.5,1054,2424,874,4316,0.12159667743424088,0.2796492847254269,0.10083064143977849,0.4979233964005538,74,0.00853714813105676,0.9828544949026877,4352,0.5020766035994462
W24_C0.5_Rt12_q0.95_k3,24,0.5,720,12.0,0.95,3.0,1054,2424,874,4316,0.12159667743424088,0.2796492847254269,0.10083064143977849,0.4979233964005538,74,0.00853714813105676,0.9828544949026877,4352,0.5020766035994462
W24_C0.5_Rt12_q0.95_k3.5,24,0.5,720,12.0,0.95,3.5,1054,2424,874,4316,0.12159667743424088,0.2796492847254269,0.10083064143977849,0.4979233964005538,74,0.00853714813105676,0.9828544949026877,4352,0.5020766035994462
W24_C0.5_Rt12_q0.99_k2.5,24,0.5,720,12.0,0.99,2.5,1054,1637,1421,4556,0.12159667743424088,0.18885556068297185,0.16393631748961698,0.5256114443931703,1260,0.14536225196123673,0.7494531716046928,4112,0.4743885556068297
W24_C0.5_Rt12_q0.99_k3,24,0.5,720,12.0,0.99,3.0,1054,1637,1421,4556,0.12159667743424088,0.18885556068297185,0.16393631748961698,0.5256114443931703,1260,0.14536225196123673,0.7494531716046928,4112,0.4743885556068297
W24_C0.5_Rt12_q0.99_k3.5,24,0.5,720,12.0,0.99,3.5,1054,1637,1421,4556,0.12159667743424088,0.18885556068297185,0.16393631748961698,0.5256114443931703,1260,0.14536225196123673,0.7494531716046928,4112,0.4743885556068297
W24_C0.6_Rt8_q0.9_k2.5,24,0.6,864,8.0,0.9,2.5,1266,2685,697,4020,0.14605445316105214,0.30976003691739734,0.08041070604522381,0.46377480387632675,759,0.08756345177664974,0.8503919372900336,4648,0.5362251961236733
W24_C0.6_Rt8_q0.9_k3,24,0.6,864,8.0,0.9,3.0,1266,2685,697,4020,0.14605445316105214,0.30976003691739734,0.08041070604522381,0.46377480387632675,759,0.08756345177664974,0.8503919372900336,4648,0.5362251961236733
W24_C0.6_Rt8_q0.9_k3.5,24,0.6,864,8.0,0.9,3.5,1266,2685,697,4020,0.14605445316105214,0.30976003691739734,0.08041070604522381,0.46377480387632675,759,0.08756345177664974,0.8503919372900336,4648,0.5362251961236733
W24_C0.6_Rt8_q0.95_k2.5,24,0.6,864,8.0,0.95,2.5,1266,2361,956,4085,0.14605445316105214,0.272381172127365,0.11029072450392248,0.4712736502076604,248,0.02861098292570374,0.962989156058463,4583,0.5287263497923396
W24_C0.6_Rt8_q0.95_k3,24,0.6,864,8.0,0.95,3.0,1266,2361,956,4085,0.14605445316105214,0.272381172127365,0.11029072450392248,0.4712736502076604,248,0.02861098292570374,0.962989156058463,4583,0.5287263497923396
W24_C0.6_Rt8_q0.95_k3.5,24,0.6,864,8.0,0.95,3.5,1266,2361,956,4085,0.14605445316105214,0.272381172127365,0.11029072450392248,0.4712736502076604,248,0.02861098292570374,0.962989156058463,4583,0.5287263497923396
W24_C0.6_Rt8_q0.99_k2.5,24,0.6,864,8.0,0.99,2.5,1266,1603,1656,4143,0.14605445316105214,0.1849330872173512,0.19104753114905398,0.4779649284725427,1706,0.1968158744808491,0.677,4525,0.5220350715274573
W24_C0.6_Rt8_q0.99_k3,24,0.6,864,8.0,0.99,3.0,1266,1603,1656,4143,0.14605445316105214,0.1849330872173512,0.19104753114905398,0.4779649284725427,1706,0.1968158744808491,0.677,4525,0.5220350715274573
W24_C0.6_Rt8_q0.99_k3.5,24,0.6,864,8.0,0.99,3.5,1266,1603,1656,4143,0.14605445316105214,0.1849330872173512,0.19104753114905398,0.4779649284725427,1706,0.1968158744808491,0.677,4525,0.5220350715274573
W24_C0.6_Rt9.5_q0.9_k2.5,24,0.6,864,9.5,0.9,2.5,1266,2685,595,4122,0.14605445316105214,0.30976003691739734,0.0686432856483618,0.47554222427318876,861,0.09933087217351176,0.8313991679439457,4546,0.5244577757268112
W24_C0.6_Rt9.5_q0.9_k3,24,0.6,864,9.5,0.9,3.0,1266,2685,595,4122,0.14605445316105214,0.30976003691739734,0.0686432856483618,0.47554222427318876,861,0.09933087217351176,0.8313991679439457,4546,0.5244577757268112
W24_C0.6_Rt9.5_q0.9_k3.5,24,0.6,864,9.5,0.9,3.5,1266,2685,595,4122,0.14605445316105214,0.30976003691739734,0.0686432856483618,0.47554222427318876,861,0.09933087217351176,0.8313991679439457,4546,0.5244577757268112
W24_C0.6_Rt9.5_q0.95_k2.5,24,0.6,864,9.5,0.95,2.5,1266,2361,929,4112,0.14605445316105214,0.272381172127365,0.10717581910475311,0.47438855560682974,221,0.02549607752653438,0.9693540782649693,4556,0.5256114443931703
W24_C0.6_Rt9.5_q0.95_k3,24,0.6,864,9.5,0.95,3.0,1266,2361,929,4112,0.14605445316105214,0.272381172127365,0.10717581910475311,0.47438855560682974,221,0.02549607752653438,0.9693540782649693,4556,0.5256114443931703
W24_C0.6_Rt9.5_q0.95_k3.5,24,0.6,864,9.5,0.95,3.5,1266,2361,929,4112,0.14605445316105214,0.272381172127365,0.10717581910475311,0.47438855560682974,221,0.02549607752653438,0.9693540782649693,4556,0.5256114443931703
W24_C0.6_Rt9.5_q0.99_k2.5,24,0.6,864,9.5,0.99,2.5,1266,1603,1449,4350,0.14605445316105214,0.1849330872173512,0.16716658975542223,0.5018458698661744,1499,0.17293493308721736,0.7184,4318,0.4981541301338256
W24_C0.6_Rt9.5_q0.99_k3,24,0.6,864,9.5,0.99,3.0,1266,1603,1449,4350,0.14605445316105214,0.1849330872173512,0.16716658975542223,0.5018458698661744,1499,0.17293493308721736,0.7184,4318,0.4981541301338256
W24_C0.6_Rt9.5_q0.99_k3.5,24,0.6,864,9.5,0.99,3.5,1266,1603,1449,4350,0.14605445316105214,0.1849330872173512,0.16716658975542223,0.5018458698661744,1499,0.17293493308721736,0.7184,4318,0.4981541301338256
W24_C0.6_Rt10_q0.9_k2.5,24,0.6,864,10.0,0.9,2.5,1266,2685,558,4159,0.14605445316105214,0.30976003691739734,0.06437471158283341,0.4798107983387171,898,0.10359944623904015,0.8247176368375326,4509,0.5201892016612829
W24_C0.6_Rt10_q0.9_k3,24,0.6,864,10.0,0.9,3.0,1266,2685,558,4159,0.14605445316105214,0.30976003691739734,0.06437471158283341,0.4798107983387171,898,0.10359944623904015,0.8247176368375326,4509,0.5201892016612829
W24_C0.6_Rt10_q0.9_k3.5,24,0.6,864,10.0,0.9,3.5,1266,2685,558,4159,0.14605445316105214,0.30976003691739734,0.06437471158283341,0.4798107983387171,898,0.10359944623904015,0.8247176368375326,4509,0.5201892016612829
W24_C0.6_Rt10_q0.95_k2.5,24,0.6,864,10.0,0.95,2.5,1266,2361,920,4121,0.14605445316105214,0.272381172127365,0.10613751730503,0.4754268574065528,212,0.02445777572681126,0.9714757190004715,4547,0.5245731425934472
W24_C0.6_Rt10_q0.95_k3,24,0.6,864,10.0,0.95,3.0,1266,2361,920,4121,0.14605445316105214,0.272381172127365,0.10613751730503,0.4754268574065528,212,0.02445777572681126,0.9714757190004715,4547,0.5245731425934472
W24_C0.6_Rt10_q0.95_k3.5,24,0.6,864,10.0,0.95,3.5,1266,2361,920,4121,0.14605445316105214,0.272381172127365,0.10613751730503,0.4754268574065528,212,0.02445777572681126,0.9714757190004715,4547,0.5245731425934472
W24_C0.6_Rt10_q0.99_k2.5,24,0.6,864,10.0,0.99,2.5,1266,1603,1425,4374,0.14605445316105214,0.1849330872173512,0.1643977849561606,0.5046146746654361,1475,0.1701661282879557,0.7232,4294,0.4953853253345639
W24_C0.6_Rt10_q0.99_k3,24,0.6,864,10.0,0.99,3.0,1266,1603,1425,4374,0.14605445316105214,0.1849330872173512,0.1643977849561606,0.5046146746654361,1475,0.1701661282879557,0.7232,4294,0.4953853253345639
W24_C0.6_Rt10_q0.99_k3.5,24,0.6,864,10.0,0.99,3.5,1266,1603,1425,4374,0.14605445316105214,0.1849330872173512,0.1643977849561606,0.5046146746654361,1475,0.1701661282879557,0.7232,4294,0.4953853253345639
W24_C0.6_Rt10.5_q0.9_k2.5,24,0.6,864,10.5,0.9,2.5,1266,2685,529,4188,0.14605445316105214,0.30976003691739734,0.06102907245039225,0.4831564374711583,927,0.10694508537148131,0.8195553636952299,4480,0.5168435625288417
W24_C0.6_Rt10.5_q0.9_k3,24,0.6,864,10.5,0.9,3.0,1266,2685,529,4188,0.14605445316105214,0.30976003691739734,0.06102907245039225,0.4831564374711583,927,0.10694508537148131,0.8195553636952299,4480,0.5168435625288417
W24_C0.6_Rt10.5_q0.9_k3.5,24,0.6,864,10.5,0.9,3.5,1266,2685,529,4188,0.14605445316105214,0.30976003691739734,0.06102907245039225,0.4831564374711583,927,0.10694508537148131,0.8195553636952299,4480,0.5168435625288417
W24_C0.6_Rt10.5_q0.95_k2.5,24,0.6,864,10.5,0.95,2.5,1266,2361,901,4140,0.14605445316105214,0.272381172127365,0.10394554683894786,0.477618827872635,231,0.0266497461928934,0.9671438629429712,4528,0.522381172127365
W24_C0.6_Rt10.5_q0.95_k3,24,0.6,864,10.5,0.95,3.0,1266,2361,901,4140,0.14605445316105214,0.272381172127365,0.10394554683894786,0.477618827872635,231,0.0266497461928934,0.9671438629429712,4528,0.522381172127365
W24_C0.6_Rt10.5_q0.95_k3.5,24,0.6,864,10.5,0.95,3.5,1266,2361,901,4140,0.14605445316105214,0.272381172127365,0.10394554683894786,0.477618827872635,231,0.0266497461928934,0.9671438629429712,4528,0.522381172127365
W24_C0.6_Rt10.5_q0.99_k2.5,24,0.6,864,10.5,0.99,2.5,1266,1603,1418,4381,0.14605445316105214,0.1849330872173512,0.1635902168897093,0.5054222427318874,1468,0.1693585602215044,0.7246,4287,0.4945777572681126
W24_C0.6_Rt10.5_q0.99_k3,24,0.6,864,10.5,0.99,3.0,1266,1603,1418,4381,0.14605445316105214,0.1849330872173512,0.1635902168897093,0.5054222427318874,1468,0.1693585602215044,0.7246,4287,0.4945777572681126
W24_C0.6_Rt10.5_q0.99_k3.5,24,0.6,864,10.5,0.99,3.5,1266,1603,1418,4381,0.14605445316105214,0.1849330872173512,0.1635902168897093,0.5054222427318874,1468,0.1693585602215044,0.7246,4287,0.4945777572681126
W24_C0.6_Rt12_q0.9_k2.5,24,0.6,864,12.0,0.9,2.5,1266,2685,456,4261,0.14605445316105214,0.30976003691739734,0.05260729118597139,0.49157821873557916,1000,0.11536686663590216,0.8068423289417764,4407,0.5084217812644208
W24_C0.6_Rt12_q0.9_k3,24,0.6,864,12.0,0.9,3.0,1266,2685,456,4261,0.14605445316105214,0.30976003691739734,0.05260729118597139,0.49157821873557916,1000,0.11536686663590216,0.8068423289417764,4407,0.5084217812644208
W24_C0.6_Rt12_q0.9_k3.5,24,0.6,864,12.0,0.9,3.5,1266,2685,456,4261,0.14605445316105214,0.30976003691739734,0.05260729118597139,0.49157821873557916,1000,0.11536686663590216,0.8068423289417764,4407,0.5084217812644208
W24_C0.6_Rt12_q0.95_k2.5,24,0.6,864,12.0,0.95,2.5,1266,2361,847,4194,0.14605445316105214,0.272381172127365,0.09771573604060914,0.4838486386709737,285,0.03287955699123212,0.9550405561993047,4474,0.5161513613290263
W24_C0.6_Rt12_q0.95_k3,24,0.6,864,12.0,0.95,3.0,1266,2361,847,4194,0.14605445316105214,0.272381172127365,0.09771573604060914,0.4838486386709737,285,0.03287955699123212,0.9550405561993047,4474,0.5161513613290263
W24_C0.6_Rt12_q0.95_k3.5,24,0.6,864,12.0,0.95,3.5,1266,2361,847,4194,0.14605445316105214,0.272381172127365,0.09771573604060914,0.4838486386709737,285,0.03287955699123212,0.9550405561993047,4474,0.5161513613290263
W24_C0.6_Rt12_q0.99_k2.5,24,0.6,864,12.0,0.99,2.5,1266,1603,1374,4425,0.14605445316105214,0.1849330872173512,0.15851407475772958,0.5104983848638671,1424,0.16428241808952468,0.7334,4243,0.4895016151361329
W24_C0.6_Rt12_q0.99_k3,24,0.6,864,12.0,0.99,3.0,1266,1603,1374,4425,0.14605445316105214,0.1849330872173512,0.15851407475772958,0.5104983848638671,1424,0.16428241808952468,0.7334,4243,0.4895016151361329
W24_C0.6_Rt12_q0.99_k3.5,24,0.6,864,12.0,0.99,3.5,1266,1603,1374,4425,0.14605445316105214,0.1849330872173512,0.15851407475772958,0.5104983848638671,1424,0.16428241808952468,0.7334,4243,0.4895016151361329
W24_C0.75_Rt8_q0.9_k2.5,24,0.75,1080,8.0,0.9,2.5,1616,2555,661,3836,0.1864328564836179,0.29476234425473,0.07625749884633133,0.4425473004153207,1092,0.12598061836640517,0.8095878136200717,4832,0.5574526995846794
W24_C0.75_Rt8_q0.9_k3,24,0.75,1080,8.0,0.9,3.0,1616,2555,661,3836,0.1864328564836179,0.29476234425473,0.07625749884633133,0.4425473004153207,1092,0.12598061836640517,0.8095878136200717,4832,0.5574526995846794
W24_C0.75_Rt8_q0.9_k3.5,24,0.75,1080,8.0,0.9,3.5,1616,2555,661,3836,0.1864328564836179,0.29476234425473,0.07625749884633133,0.4425473004153207,1092,0.12598061836640517,0.8095878136200717,4832,0.5574526995846794
W24_C0.75_Rt8_q0.95_k2.5,24,0.75,1080,8.0,0.95,2.5,1616,2247,919,3886,0.1864328564836179,0.25922934933087216,0.1060221504383941,0.44831564374711586,598,0.0689893862482695,0.916077322017916,4782,0.5516843562528841
W24_C0.75_Rt8_q0.95_k3,24,0.75,1080,8.0,0.95,3.0,1616,2247,919,3886,0.1864328564836179,0.25922934933087216,0.1060221504383941,0.44831564374711586,598,0.0689893862482695,0.916077322017916,4782,0.5516843562528841
W24_C0.75_Rt8_q0.95_k3.5,24,0.75,1080,8.0,0.95,3.5,1616,2247,919,3886,0.1864328564836179,0.25922934933087216,0.1060221504383941,0.44831564374711586,598,0.0689893862482695,0.916077322017916,4782,0.5516843562528841
W24_C0.75_Rt8_q0.99_k2.5,24,0.75,1080,8.0,0.99,2.5,1616,1548,1576,3928,0.1864328564836179,0.17858790955237655,0.18181818181818182,0.4531610521458237,1954,0.22542685740655283,0.6535114349322,4740,0.5468389478541763
W24_C0.75_Rt8_q0.99_k3,24,0.75,1080,8.0,0.99,3.0,1616,1548,1576,3928,0.1864328564836179,0.17858790955237655,0.18181818181818182,0.4531610521458237,1954,0.22542685740655283,0.6535114349322,4740,0.5468389478541763
W24_C0.75_Rt8_q0.99_k3.5,24,0.75,1080,8.0,0.99,3.5,1616,1548,1576,3928,0.1864328564836179,0.17858790955237655,0.18181818181818182,0.4531610521458237,1954,0.22542685740655283,0.6535114349322,4740,0.5468389478541763
W24_C0.75_Rt9.5_q0.9_k2.5,24,0.75,1080,9.5,0.9,2.5,1616,2555,563,3934,0.1864328564836179,0.29476234425473,0.06495154591601292,0.45385325334563914,1190,0.1372865712967236,0.7921964050854888,4734,0.5461467466543608
W24_C0.75_Rt9.5_q0.9_k3,24,0.75,1080,9.5,0.9,3.0,1616,2555,563,3934,0.1864328564836179,0.29476234425473,0.06495154591601292,0.45385325334563914,1190,0.1372865712967236,0.7921964050854888,4734,0.5461467466543608
W24_C0.75_Rt9.5_q0.9_k3.5,24,0.75,1080,9.5,0.9,3.5,1616,2555,563,3934,0.1864328564836179,0.29476234425473,0.06495154591601292,0.45385325334563914,1190,0.1372865712967236,0.7921964050854888,4734,0.5461467466543608
W24_C0.75_Rt9.5_q0.95_k2.5,24,0.75,1080,9.5,0.95,2.5,1616,2247,892,3913,0.1864328564836179,0.25922934933087216,0.10290724503922473,0.45143054914628516,571,0.06587448084910014,0.9224422442244224,4755,0.5485694508537149
W24_C0.75_Rt9.5_q0.95_k3,24,0.75,1080,9.5,0.95,3.0,1616,2247,892,3913,0.1864328564836179,0.25922934933087216,0.10290724503922473,0.45143054914628516,571,0.06587448084910014,0.9224422442244224,4755,0.5485694508537149
W24_C0.75_Rt9.5_q0.95_k3.5,24,0.75,1080,9.5,0.95,3.5,1616,2247,892,3913,0.1864328564836179,0.25922934933087216,0.10290724503922473,0.45143054914628516,571,0.06587448084910014,0.9224422442244224,4755,0.5485694508537149
W24_C0.75_Rt9.5_q0.99_k2.5,24,0.75,1080,9.5,0.99,2.5,1616,1548,1369,4135,0.1864328564836179,0.17858790955237655,0.15793724042455007,0.4770419935394555,1747,0.2015459160129211,0.6954057883019632,4533,0.5229580064605446
W24_C0.75_Rt9.5_q0.99_k3,24,0.75,1080,9.5,0.99,3.0,1616,1548,1369,4135,0.1864328564836179,0.17858790955237655,0.15793724042455007,0.4770419935394555,1747,0.2015459160129211,0.6954057883019632,4533,0.5229580064605446
W24_C0.75_Rt9.5_q0.99_k3.5,24,0.75,1080,9.5,0.99,3.5,1616,1548,1369,4135,0.1864328564836179,0.17858790955237655,0.15793724042455007,0.4770419935394555,1747,0.2015459160129211,0.6954057883019632,4533,0.5229580064605446
W24_C0.75_Rt10_q0.9_k2.5,24,0.75,1080,10.0,0.9,2.5,1616,2555,527,3970,0.1864328564836179,0.29476234425473,0.06079833871712044,0.4580064605445316,1226,0.14143977849561606,0.7859939103958242,4698,0.5419935394554685
W24_C0.75_Rt10_q0.9_k3,24,0.75,1080,10.0,0.9,3.0,1616,2555,527,3970,0.1864328564836179,0.29476234425473,0.06079833871712044,0.4580064605445316,1226,0.14143977849561606,0.7859939103958242,4698,0.5419935394554685
W24_C0.75_Rt10_q0.9_k3.5,24,0.75,1080,10.0,0.9,3.5,1616,2555,527,3970,0.1864328564836179,0.29476234425473,0.06079833871712044,0.4580064605445316,1226,0.14143977849561606,0.7859939103958242,4698,0.5419935394554685
W24_C0.75_Rt10_q0.95_k2.5,24,0.75,1080,10.0,0.95,2.5,1616,2247,883,3922,0.1864328564836179,0.25922934933087216,0.10186894323950162,0.4524688509460083,562,0.06483617904937702,0.9245638849599246,4746,0.5475311490539917
W24_C0.75_Rt10_q0.95_k3,24,0.75,1080,10.0,0.95,3.0,1616,2247,883,3922,0.1864328564836179,0.25922934933087216,0.10186894323950162,0.4524688509460083,562,0.06483617904937702,0.9245638849599246,4746,0.5475311490539917
W24_C0.75_Rt10_q0.95_k3.5,24,0.75,1080,10.0,0.95,3.5,1616,2247,883,3922,0.1864328564836179,0.25922934933087216,0.10186894323950162,0.4524688509460083,562,0.06483617904937702,0.9245638849599246,4746,0.5475311490539917
W24_C0.75_Rt10_q0.99_k2.5,24,0.75,1080,10.0,0.99,2.5,1616,1548,1351,4153,0.1864328564836179,0.17858790955237655,0.15586063682510384,0.4791185971389017,1729,0.19946931241347485,0.6990487755515078,4515,0.5208814028610983
W24_C0.75_Rt10_q0.99_k3,24,0.75,1080,10.0,0.99,3.0,1616,1548,1351,4153,0.1864328564836179,0.17858790955237655,0.15586063682510384,0.4791185971389017,1729,0.19946931241347485,0.6990487755515078,4515,0.5208814028610983
W24_C0.75_Rt10_q0.99_k3.5,24,0.75,1080,10.0,0.99,3.5,1616,1548,1351,4153,0.1864328564836179,0.17858790955237655,0.15586063682510384,0.4791185971389017,1729,0.19946931241347485,0.6990487755515078,4515,0.5208814028610983
W24_C0.75_Rt10.5_q0.9_k2.5,24,0.75,1080,10.5,0.9,2.5,1616,2555,499,3998,0.1864328564836179,0.29476234425473,0.05756806645131518,0.4612367328103369,1254,0.1446700507614213,0.7812364894076956,4670,0.5387632671896632
W24_C0.75_Rt10.5_q0.9_k3,24,0.75,1080,10.5,0.9,3.0,1616,2555,499,3998,0.1864328564836179,0.29476234425473,0.05756806645131518,0.4612367328103369,1254,0.1446700507614213,0.7812364894076956,4670,0.5387632671896632
W24_C0.75_Rt10.5_q0.9_k3.5,24,0.75,1080,10.5,0.9,3.5,1616,2555,499,3998,0.1864328564836179,0.29476234425473,0.05756806645131518,0.4612367328103369,1254,0.1446700507614213,0.7812364894076956,4670,0.5387632671896632
W24_C0.75_Rt10.5_q0.95_k2.5,24,0.75,1080,10.5,0.95,2.5,1616,2247,864,3941,0.1864328564836179,0.25922934933087216,0.09967697277341947,0.45466082141209047,581,0.06702814951545916,0.9204412109833372,4727,0.5453391785879096
W24_C0.75_Rt10.5_q0.95_k3,24,0.75,1080,10.5,0.95,3.0,1616,2247,864,3941,0.1864328564836179,0.25922934933087216,0.09967697277341947,0.45466082141209047,581,0.06702814951545916,0.9204412109833372,4727,0.5453391785879096
W24_C0.75_Rt10.5_q0.95_k3.5,24,0.75,1080,10.5,0.95,3.5,1616,2247,864,3941,0.1864328564836179,0.25922934933087216,0.09967697277341947,0.45466082141209047,581,0.06702814951545916,0.9204412109833372,4727,0.5453391785879096
W24_C0.75_Rt10.5_q0.99_k2.5,24,0.75,1080,10.5,0.99,2.5,1616,1548,1345,4159,0.1864328564836179,0.17858790955237655,0.15516843562528843,0.4798107983387171,1723,0.19877711121365943,0.7002631046346893,4509,0.5201892016612829
W24_C0.75_Rt10.5_q0.99_k3,24,0.75,1080,10.5,0.99,3.0,1616,1548,1345,4159,0.1864328564836179,0.17858790955237655,0.15516843562528843,0.4798107983387171,1723,0.19877711121365943,0.7002631046346893,4509,0.5201892016612829
W24_C0.75_Rt10.5_q0.99_k3.5,24,0.75,1080,10.5,0.99,3.5,1616,1548,1345,4159,0.1864328564836179,0.17858790955237655,0.15516843562528843,0.4798107983387171,1723,0.19877711121365943,0.7002631046346893,4509,0.5201892016612829
W24_C0.75_Rt12_q0.9_k2.5,24,0.75,1080,12.0,0.9,2.5,1616,2555,428,4069,0.1864328564836179,0.29476234425473,0.049377018920166126,0.4694277803414859,1325,0.15286109829257039,0.7694272940174579,4599,0.5305722196585141
W24_C0.75_Rt12_q0.9_k3,24,0.75,1080,12.0,0.9,3.0,1616,2555,428,4069,0.1864328564836179,0.29476234425473,0.049377018920166126,0.4694277803414859,1325,0.15286109829257039,0.7694272940174579,4599,0.5305722196585141
W24_C0.75_Rt12_q0.9_k3.5,24,0.75,1080,12.0,0.9,3.5,1616,2555,428,4069,0.1864328564836179,0.29476234425473,0.049377018920166126,0.4694277803414859,1325,0.15286109829257039,0.7694272940174579,4599,0.5305722196585141
W24_C0.75_Rt12_q0.95_k2.5,24,0.75,1080,12.0,0.95,2.5,1616,2247,810,3995,0.1864328564836179,0.25922934933087216,0.09344716197508075,0.46089063221042914,635,0.07325796031379787,0.9089223638470452,4673,0.5391093677895709
W24_C0.75_Rt12_q0.95_k3,24,0.75,1080,12.0,0.95,3.0,1616,2247,810,3995,0.1864328564836179,0.25922934933087216,0.09344716197508075,0.46089063221042914,635,0.07325796031379787,0.9089223638470452,4673,0.5391093677895709
W24_C0.75_Rt12_q0.95_k3.5,24,0.75,1080,12.0,0.95,3.5,1616,2247,810,3995,0.1864328564836179,0.25922934933087216,0.09344716197508075,0.46089063221042914,635,0.07325796031379787,0.9089223638470452,4673,0.5391093677895709
W24_C0.75_Rt12_q0.99_k2.5,24,0.75,1080,12.0,0.99,2.5,1616,1548,1302,4202,0.1864328564836179,0.17858790955237655,0.15020766035994462,0.4847715736040609,1680,0.19381633594831565,0.7089657963974904,4466,0.515228426395939
W24_C0.75_Rt12_q0.99_k3,24,0.75,1080,12.0,0.99,3.0,1616,1548,1302,4202,0.1864328564836179,0.17858790955237655,0.15020766035994462,0.4847715736040609,1680,0.19381633594831565,0.7089657963974904,4466,0.515228426395939
W24_C0.75_Rt12_q0.99_k3.5,24,0.75,1080,12.0,0.99,3.5,1616,1548,1302,4202,0.1864328564836179,0.17858790955237655,0.15020766035994462,0.4847715736040609,1680,0.19381633594831565,0.7089657963974904,4466,0.515228426395939
